y,x0,x1,x2,x3,x4,x5,x6,x7,x8,x9,p00,p01,p02,p03,p04,p05,p06,p07,p08,p09,p10,p11,p12,p13,p14,p15,p16,p17,p18,p19,p20,p21,p22,p23,p24
1,0.2248420069648453,0.2284727582961478,0.0265383218791749,0.3401143887873825,0.179597070903877,0.4181624201381066,0.457235165312284,0.3854140481431112,0.4805867213994195,0.7465194171149554,-0.3684712794218496,-0.5232168890278204,0.20272145583836038,0.42646086490106744,0.2701047569502408,0.3272234142654974,-0.30928722475315823,0.3209889704310884,0.43100558362205543,-0.8331429639871069,-0.7025125776621897,-0.34967060020376584,-0.5980386174843619,-0.7600882100219721,-0.3815919528627777,0.4188321943528254,0.6127407966326156,-0.8874591623657325,0.06092144366793587,-0.9918842186963744,-0.3104907793922653,0.355983721414306,0.3392097488368733,-0.2575461150972815,0.4035401897240762
1,0.4428037616345739,0.1764921864121645,0.0658674688977268,0.2738872789649073,0.6317814307162779,0.0782981085735939,0.0759451287810691,0.3746699791455733,0.757060419984371,0.0101490277441872,-0.925020194098787,-1.0915830567607148,0.09048961438884771,0.9261940793062918,0.6616711811988324,-0.15176289219350683,-0.8096462218466958,-0.7159388994222795,0.5923611019791408,-0.9288269397784283,-0.6704591076503622,-0.6571038386668042,-0.21938648017728973,-0.8354815820388445,-0.49624917050558,-0.025804849810320073,0.10189096431405882,-0.8620544462025297,-0.06741300408971052,-0.716077386514486,-0.3090244502144271,-0.47436839919824403,0.239216308888241,0.1394274952082506,0.03964484312189045
0,0.098423668862672,0.6330301984091249,0.5779215735593216,0.6942153907918112,0.0309461723077681,0.6869183449563647,0.5825538042310598,0.0201359207923428,0.5204406403994525,0.1454017929303868,-0.841088820948671,-0.24806022274998873,1.0466899561003542,0.7942204733990713,0.6530665492773623,0.7184192098810862,-0.43546832947711495,0.5059741028158047,0.18860058256249945,-0.650206365822357,-0.8611183361503002,-0.1369638393621899,0.27785929646141744,-1.6375130867465306,-0.09242792711513913,0.04984124815335826,-0.25435094009498554,-0.8562681846072517,-0.5863340698610062,-1.2120921275525143,-0.521772692375798,0.06150844074596716,0.38980841978332426,0.04462543769429147,0.26062251855501056
1,0.7633662849844225,0.8824890610813182,0.6568583259624641,0.206715906839158,0.3314922766005111,0.9609860110354408,0.7754253084815551,0.0717739065802001,0.0801849186205154,0.9899323900417976,-0.8197075552603009,0.13682395835974592,0.8224046667156012,0.48944638428340553,0.0017387304059917619,1.951191916310461,-2.0838953625371546,0.2635518987172064,0.3085905763734661,-1.3681821010658182,-1.1218928808925228,-1.845966655747205,1.3372908612798011,-2.4279541713264297,0.24313899855620005,0.820761246913951,0.5101498858488769,0.2981686637652763,-1.890909546423087,-1.898914623980707,0.5867528774235535,0.6532009920485258,0.858523474870928,1.2247598138484015,0.0004801038728746987
1,0.8486584862676547,0.6402024974356433,0.8024109096767973,0.3392652224045069,0.3883639901736898,0.4107592630802915,0.966050143692596,0.5871371405631257,0.1165666920201523,0.9109151229722676,-0.30465434507388917,0.23715804167976218,0.994191048995666,-0.002473591982328993,-0.1863971540713268,0.4292106457954674,-1.5240320577190163,0.032620374077632575,-0.3675327133149319,-1.389105679614787,0.35511192539057085,-1.111223318963708,0.03091286725662023,-2.8696423240575513,0.9896623804418408,0.984940792604782,0.5836266273951523,-0.5937507154280812,-1.1235478547281732,-2.208324462152247,0.1490032381083083,0.3777413944549283,0.6221435281068677,1.254756174543929,-0.3971182534084894
1,0.2772929451482969,0.211057936913526,0.6210648957852586,0.1751787911947923,0.51107310138148,0.6242926046775081,0.830768683491628,0.7177979405053259,0.2027327512492781,0.6944671604492503,-0.15494985339607661,-0.8723249802421758,0.932613792994846,-0.02609096065979638,-0.6104529269453963,-0.0861747478729781,-0.5075762493369023,-0.19029021556880582,-0.10603089935243216,-1.0547537861519367,0.13082600271489497,-0.24762982288918162,-0.06760580583729871,-1.3700078671961862,0.6034448444671963,0.5506592371901817,-0.22625677382976342,-0.7344413087076784,0.07114473761156542,-2.306076951445573,0.6348024881287904,0.3328718958869191,0.11144383968797125,0.17065002064446957,0.17678320295372987
1,0.9166480159152028,0.8610869535746675,0.7888451725238792,0.650707820965857,0.0335004269352482,0.5615792295919213,0.5175056216739458,0.4658393568962293,0.388167198192789,0.9923942818431152,-0.2578644140921821,0.10643135951382274,0.8366490624239385,0.8659137631016367,0.6644018507952325,1.2810986700804925,-1.864976530241458,0.6963063908901147,-0.3608867258646097,-1.0453270349192463,-0.5563699752691831,-1.3712483561378574,0.4870098323265636,-2.3949329727157345,0.5658209392055924,0.458476822902908,1.3324037899417085,-0.9116585866856646,-1.465866870884709,-1.493635567205345,-0.16079278093139665,0.8629347628086563,0.9337891163896691,1.3356492937332451,-0.0926101475818974
0,0.16109662072288,0.0380465624201213,0.2698827075454781,0.145708326215125,0.6901983626086236,0.0592574108078345,0.1815864753162606,0.0392589215411587,0.8130866094768184,0.3149723890366348,-1.0193699595367742,-1.2825661186631252,0.06746219287459901,0.6695805739824405,0.4454488096703979,-0.27064848905226785,-0.1977873614017763,-0.37258506209157705,0.6263096184729331,-0.9873230910377206,0.08748499741421362,-0.514248162728617,-0.20851149586829396,-1.0044092053530695,-0.4187108860318578,-0.27649420632934396,0.04679287549959305,-0.5157341682290089,0.5177127447642538,-0.8679473487902634,-0.3351317010055873,-0.9266824122584404,0.2569104195247369,0.09379748269467385,0.09368978298223415
1,0.9855373917902296,0.6674121924168069,0.485822841891867,0.0705303660239911,0.5369794290383852,0.5662291477430383,0.1243992560416953,0.4837939985026931,0.1163419441849096,0.5782324730949769,-0.5592152555059563,-0.6326691216605878,0.09460230380677122,0.7089820985840173,0.5051545630526983,0.58570896773014,-1.6606822704626685,-0.39151156287961403,0.8399356504479706,-1.711939089277268,-1.3305527832402162,-2.007581868440638,0.5190930957166753,-1.33875374552535,-0.4028531978334583,0.4363482207060928,0.5892617211833008,-0.08479654898360323,-0.35659111933108734,-1.0458720918198585,0.34838502414531286,-0.13674860690068522,0.4260594799400617,0.3394740107393002,-0.8372310139834098
1,0.7325761241228692,0.7535829611324871,0.4775857770032654,0.1007769596035691,0.7366795422948138,0.8194499426545417,0.1987976442880614,0.0954239213678181,0.4047317357922539,0.476359973825771,-0.7728471725762517,-0.6589642438772351,0.3700530912419457,0.6677832424427844,0.4994817384073916,0.941707913779496,-1.9403141818573575,-0.4276833920632911,0.6923399269945064,-1.2801808236692875,-1.4671756304482395,-2.0238800820385245,0.9740747243813467,-1.4855255699899161,-0.48213327441687787,0.11833697536976721,-0.47917773635151534,0.27071802954860796,-0.8019133882873889,-1.136473274930648,0.8367079491542108,-0.4604254272012653,0.20791738854660746,0.41223770367925244,-0.5787478733877472
0,0.2987223115040175,0.3767137267813888,0.1077689827798422,0.163451240151361,0.3613118255197203,0.3258286551125047,0.8972995674353991,0.0351403422234665,0.8531215950941494,0.7385016823488131,-0.7481379925761258,-0.7915857058230713,0.351017961749606,0.7403715760038158,0.7462311116916845,0.0005427549119082116,0.2540100450529116,0.24488613677659277,-0.32426852264908046,-0.9853310785515409,-0.6463610395789338,-0.23986626585511567,-0.6020223689267025,-1.7686662113881213,-0.23557919469755592,-0.11615057974003899,0.7108115754690453,-0.8808698007436437,-0.08575209009379303,-1.3947203345664112,-0.2661350580085041,0.08507706638288881,0.03765569043593568,-0.2203618031677992,0.4141965604726174
1,0.9015942577529796,0.3332742983907805,0.2818330780837161,0.9297873425246912,0.6905922374431475,0.2153788794834964,0.9415589359532772,0.933918899328546,0.1603412493634529,0.5781497920083863,-0.051586621685171294,0.3481868817026227,1.233694243602072,0.7191052527663351,-0.11152652217730653,0.2929733776847773,-2.660945672482238,0.12920647028199608,0.6918893984737009,-1.602743192778831,-0.6951699073118857,-0.726898525501916,-0.5075677385020567,-1.9473450228947033,0.8235783824018126,1.2163940989520365,0.8688414877596917,-0.26029034770527953,-1.0309764941685502,-2.0108216562468435,0.5816852002577395,0.40191209582154114,0.24267585714790868,0.36544705611664885,-0.20277267667193352
0,0.207771941502655,0.8374422172442235,0.0685836320990277,0.6521087434159107,0.5120501260715306,0.0186577181447979,0.497665340091065,0.0629713366714771,0.799856378500081,0.5165853409933164,-0.9839962601705983,-0.7401000221780075,-0.06118662259731377,1.2223560202408894,0.7839293246453736,0.15578397817104592,-0.8271063938829533,0.3277197930524788,0.19396664673134772,-0.8296014336982088,-0.9347581501303164,-0.8257918584872359,0.309119444069563,-1.4010673017402766,-0.7296799179297937,0.05371001033029183,0.25633638004173454,-0.5328356884486881,-0.26092731328777097,-0.38886914088081503,-0.9920917854137752,-0.6457988890861925,0.24665917308638868,-0.18607858757233625,0.3348844444149288
1,0.0889087518012496,0.9531945875945804,0.7855165329841527,0.2436304354456244,0.2156163372892253,0.1196931049944954,0.5004923767311688,0.7000547444696038,0.2773119873593903,0.2599594853558601,-1.1625523780996394,-0.41830847074215555,0.7438777729327726,0.13586417313589838,1.0169300017083935,-0.2479617475304354,-0.9764869746404057,0.1545624729952977,0.5937773870735404,-1.0891473475991382,-0.3433484634811261,-0.7087260926082506,0.3003890906367243,-1.469817396449641,0.1969046957598611,-0.3510799835615985,-0.03431323746512671,-1.0198201437939454,0.11220310346342052,-0.46869068127030494,-0.8237996393851088,-0.4019348345331203,0.36111877087718036,0.1527017496133038,-0.3967452009649504
1,0.2399431567925193,0.7615272713709929,0.4517461215696966,0.1631294316484194,0.5399710950838353,0.2176680351971182,0.436807974286066,0.4715285435135201,0.6936634209652113,0.6263801378768781,-1.0348407060996576,-1.0249908335648281,0.08605678771898628,0.602718094340316,0.6312139543423841,-0.41521889444945786,-0.7554683681846519,-0.020852501305025216,0.021845673974295005,-1.0845031795128233,-0.2786464292655839,-0.9316177650329074,0.2105107614195667,-1.1317067227725435,-0.3182564388638095,-0.18772706545986037,-0.04714293046115446,-0.5890682109960783,-0.0034763247400585486,-0.7862779578605916,-0.3314812318001537,-0.2910690067198646,-0.07876334420413875,-0.05759642060267518,-0.17077994477232716
0,0.2835589829413842,0.3706251548155028,0.382628857192718,0.2114983520762267,0.4931013613337418,0.415223659635118,0.9254006102633472,0.9046857625843272,0.307569348151924,0.0322316374332791,-0.6086463563061371,-0.6533712467991454,0.9294809154221128,0.22978248920545946,-0.11307758077304637,-0.12349393332819805,-1.1512230762790765,-0.2760382677967247,0.34857809438687687,-1.0927701761279012,-0.5565398751177104,-0.18491944523886678,-0.016146302125326008,-1.2245906052123217,0.289064595868645,-0.198165957236839,-0.26017299710607744,-1.2657921189217316,0.22242194392072626,-1.480745733433727,-0.21467143890912338,0.5702054348989303,-0.45260867842708313,-0.5279538089207226,-0.005809874329033225
0,0.9028605441194596,0.2066868695096165,0.4358271855504351,0.348418696819363,0.3898387646073771,0.2002212659712344,0.5643865537190199,0.9434006602160098,0.9596519105864508,0.9649022122624036,-0.21290649482101875,-0.9475197239740393,0.3552774585737532,1.0320593966934735,0.472590145199895,-0.6296987944282475,-0.9629507095518742,-0.01259014054877483,-1.1569948177448277,-1.5133968159662676,0.19008475680470946,-0.134533810861765,-0.015428890009087384,-1.1484673959238885,0.9844715069723696,-0.15161467353110442,0.4529405626743723,-1.4763762962475968,0.02642642394425522,-1.7833275509786544,0.3012181614944948,1.2917555219221426,-0.3066896979905083,0.6544822719828525,-0.7431590615435537
1,0.1752739689307345,0.909736278427632,0.3336021921725796,0.8088213510372215,0.8869280669339694,0.8560111357206016,0.4782441010094531,0.6890942529475901,0.915818705666308,0.3598616786281299,-0.8480090526213914,-1.162996437305298,0.06652791638975752,1.4613669966855236,-0.6304250389330674,0.05529001758047041,-2.141492487447433,0.01717238008490905,-0.9619355522624413,-0.3789926225126025,-1.5262866573688134,-1.199361557199789,1.1288164977233384,-0.5746100701329887,-0.34233330093909153,-0.2925587001796237,-1.409974757978604,-0.47607839109597905,-0.4654646129240352,-0.5473108939963003,1.4640535208260896,-0.1995681598611039,-0.7747397605131336,-0.3762519110779239,0.8781135243880013
0,0.8886164107828864,0.7332854253894562,0.623529366528145,0.5470034406635582,0.3607778665823643,0.3537716299004263,0.6007685234685793,0.3349404264324632,0.146730140175445,0.8448395226965552,-0.45706376112035735,-0.013477367568819669,0.6289409585504957,0.5185268578661444,0.5336872747164979,0.8415070134303193,-1.7178589751086448,0.23735241426260797,0.3806691477083202,-1.5461228080119969,-0.5248636234572801,-1.6133289217469249,0.31435108246575216,-2.439842321136533,0.1223611838331146,0.7131756693723372,1.1421044340750206,-0.3471302174630366,-0.8340672393053095,-1.5094801845595407,-0.12456205060358434,0.16639518718006463,0.8594731905157869,0.911469397964805,-0.18146629576186638
0,0.4848846211340655,0.3673978414863839,0.2105471274486576,0.6088812707937552,0.561226586477059,0.4655475445913883,0.9317714839744912,0.7536120028045185,0.4967424946220564,0.9975915477242162,0.004966545927057239,-0.15338631316210424,0.5489502647453651,0.5503661297330057,-0.45833020088362003,0.45033883080378384,-1.03056488528432,0.7729911903588491,-0.18061600953763013,-1.4369540695093839,-0.293919220845585,0.15932030152502757,-0.24231876158748913,-1.1252547072876742,0.406450959546113,0.9397466718521278,0.23321824212317638,-0.7807261027984855,-0.13618926809511447,-2.2437247183258617,1.0567164005514513,0.977476873223839,-0.011246515079269409,-0.05228569189249094,0.5485049499033139
1,0.6835866225443225,0.7635000877601844,0.0745504445399445,0.3619667603959753,0.485852671218146,0.2237686907081443,0.2038267229885806,0.0434799474561652,0.4022893188069342,0.9245387197889228,-0.5192304856685205,-0.31275641983616487,0.007947034497371941,0.7798468838346102,0.7669017451940868,0.9202348798959676,-1.1985067817535364,0.44714973065707614,0.9357939213183455,-1.4735598684034334,-1.2728477052873177,-1.7673096872827394,0.7257561631397438,-1.0565426051069908,-0.6581201272649613,0.4234489529010884,0.928409765141402,-0.13122556950432862,-0.04856552313279604,-1.1086084411785175,-0.36300187377482973,-0.3973840258483373,0.4836644872938489,-0.08953132076550228,0.12498777591766237
1,0.8624652709771424,0.1832564821773261,0.3963234187742618,0.8064651528629304,0.4540074808547765,0.068572901627109,0.5647486694273917,0.8962782244671131,0.9591180910685986,0.0927895792078308,-0.36611785462946056,-0.9215322210786011,0.9889174945105352,1.8663115646113875,0.9939096760515022,-0.3795243791257814,-2.0622006086977245,-0.7072244543235535,-0.5915099147513557,-1.2735100929353322,-0.3878754822823442,-0.503526957977008,-0.2809134707835133,-1.7986771843778646,0.8013496675020093,0.022836595852132956,0.05308288166958924,-1.7638985314993434,-0.45514120160591703,-0.6008542634465253,-0.4085377729889693,0.6157986653362801,-0.08264919852641366,0.9600979355151318,-0.14067441940328132
1,0.6745397195793066,0.2838723924598585,0.420880935458116,0.7852266669641768,0.2843790313477229,0.9271831974714478,0.7326753561349378,0.6513642634113945,0.1739983590124899,0.5124705641106031,0.20538095756663385,0.02869226574865765,0.783945853596835,0.4089996888781518,-0.16644276970292896,1.0306554528617144,-2.244077356556401,0.07600836989484037,0.7705949420670921,-0.8163273163544518,-0.8538058242327421,-0.9600076661249352,-0.15840986340516242,-1.6735822762724237,0.8572032588509042,1.4320110994532804,0.4715390114274213,-0.8259645129570543,-1.168856527691291,-1.7798606460314264,0.378270039593438,0.45371791287622054,0.42457448515422225,0.3400572125161495,0.22904804511477575
1,0.0065780214790618,0.5377378975120947,0.8975139619573967,0.3659384336568217,0.1721434692007089,0.64772031552643,0.9272265580042578,0.1850657579362045,0.9543717469297444,0.1091242272911343,-0.5981299539608687,-0.33185789378230945,1.7337089319121093,0.9050276922095793,0.5852273711876396,-0.37585237391413984,0.2817929254382566,0.05927147884476152,-0.2638212956638769,-0.6263656334019424,0.330913110564297,0.5497823116942231,-0.009271462592902884,-2.69258590283747,0.2567302935135473,-1.0331678755338065,-1.0062544691324102,-1.3043690848768295,-0.354323742574275,-1.5369462008840997,-0.01641897899787358,-0.30799450878779927,0.12664031304857648,0.6698839435434535,0.13447451168074342
1,0.5715678404216834,0.0136806698191033,0.1924253003024157,0.2396926226318776,0.772304447516744,0.2829422380453,0.5152956690279042,0.9433825785185987,0.4019726323612406,0.0182801022883877,-0.48902382462117644,-0.9742966018762196,0.7357584284681885,0.9939856013714378,0.07532332001939622,-0.6074702837049654,-1.3645619586192719,-0.5335638225360964,0.20361811339304686,-1.3717558292949807,-1.0373145005310294,-0.5615225407875012,-0.0899048695091193,-0.6201692075768764,-0.28671336698707695,-0.058844877978686025,0.07778322911547553,-0.7879471717306014,-0.21746128431761313,-1.645527434075581,0.1547989531504459,0.4830577449708242,-0.05738215893597578,-0.33942068261036656,-0.3834879497780845
0,0.1066217212385273,0.9418679741544458,0.5164521689099728,0.0968582270032092,0.9051850372332456,0.0223089399047375,0.8012496947539565,0.5663916266660453,0.697590592862164,0.1431547840627866,-1.4891016142232303,-1.3199733284620345,0.014382328115213094,0.5934275142074668,0.7789571501132752,-1.013221454749313,-1.0999060159594152,-1.1201488633817993,0.4329080514360655,-1.0235869493779235,-0.1050652944464255,-0.8321690701185989,0.45783468259514504,-1.452886648361322,-0.5595399133598262,-1.4006522995061967,-1.0602221748508913,-0.815443371801275,0.05896575995931079,-0.6492920619748347,-0.5337363845031509,-0.6508114706622494,-0.8440974240632606,0.11118229007355422,0.04032931846946218
0,0.8087217519589058,0.5276922966584885,0.1536783282695227,0.7671783322703546,0.695161256277371,0.5607449320503215,0.9335723781949592,0.7190126015349181,0.3179618899410756,0.0558603542643072,-0.31170766932954813,0.0712052330367492,0.896583822047081,0.8880643811221386,0.17754999139744385,0.08321478591738037,-2.4560334460888087,-0.4921658706995616,0.46317397350049033,-1.2852838603975862,-1.497880180887215,-1.2810667307674177,-0.31303155990054077,-1.7755728967507909,0.27471306842040066,0.7395498532347189,0.2430656740823357,-0.6830762069528248,-1.4318558496272358,-0.9477463142015883,0.27628252233374584,0.7538797795398421,-0.23791563926195436,-0.06734819905280452,-0.021177191253871505
0,0.798699972797771,0.8546248533593868,0.6054901074683166,0.6506702021779694,0.0795758341138332,0.5231283065607192,0.7880280758308545,0.856275264680103,0.5838159726619064,0.0232485745674243,-0.4122209912526983,0.25254569290398465,0.7255085371673176,0.6797385828437345,0.2974279297280409,-0.508021441720019,-2.278783692401916,0.30756793297021184,-0.04390853256200399,-0.9744465996084919,-0.7861568095298958,-1.2656114023585499,-0.1283852069921398,-1.9094261146743698,0.6475170035420816,0.2829292109907854,-0.05001813913391828,-1.6469683049128263,-0.4466385532391871,-0.2528929837876358,-0.5591880330742669,0.820955269217307,0.04442695145023699,0.8512320156309165,-0.2604645755937968
1,0.5643971279722348,0.9949287932352356,0.95307566165413,0.7177382240259914,0.1787675077217636,0.7413327503264425,0.6307848873158155,0.2865846219393019,0.467461291618592,0.8167761551211001,-0.5545257946915075,-0.17780263260805304,1.191772324781726,1.0871365183112776,0.3765329556595985,1.2156338996129021,-1.842013813587673,0.7725154141167851,-0.7281941335306144,-0.7321980656859003,-0.7154973840778369,-1.168186962149861,0.9713138077258731,-2.677172290033479,0.44763719373660066,0.23497569864917342,0.4261637380632352,-0.49703197297649904,-1.916808600095012,-1.6799055846265816,0.1731764007853625,0.20772712346043903,0.8084254729368383,1.0869734218261358,-0.1559496359241973
1,0.3806980027384539,0.3591153024717992,0.0267167622746274,0.6465756787229974,0.3383768575497966,0.5136133228716794,0.8695907991611472,0.98703654561057,0.8854685379273359,0.7069950898494843,-0.0915049353991013,-0.825100165861959,0.18065773370145133,1.1090412054196988,-0.3684540113664336,-0.0264466972449244,-1.1359813064118152,0.8921732016882503,-0.8872892239423034,-0.9898513269673049,-0.9470036084021782,0.4095486512417943,-0.6022882063161563,-0.7495192580814563,0.3501928604906006,0.6195873183148817,0.04241646788156468,-1.6528110069783446,0.1576037677184583,-1.2995061654217368,0.6512403599220258,1.589900210231078,-0.6719723678852876,-0.21543479517172795,0.29884938732506855
0,0.0847405754139518,0.1245612309366731,0.0200277011859374,0.0086645836479058,0.8224652826060823,0.351090697270902,0.9086174056652035,0.2505826691347023,0.1158966903712147,0.6081423971949144,-0.25167936225611065,-1.09115616311799,0.7177251735171992,-0.03494753897327279,-0.00834348013573556,0.0312962300414872,0.09765916234601453,-0.054041682358697114,0.7409084536166287,-1.3763630853896953,-0.3299276404641902,-0.5519729664492494,-0.5687665313864495,-1.1579799603167715,-0.3233465167532821,0.41326464402310586,0.21257664781863714,-0.24057244093226113,0.44575047359064834,-1.8521040858921336,0.6208992220266676,0.5493067998138752,0.01714844796323613,-0.2710382153605611,0.6677372215557997
1,0.2235084725004871,0.4726095012456537,0.88250030347475,0.4037224846669243,0.1072582188654401,0.6282728396910268,0.1528093398076233,0.936944928885546,0.4816051653043421,0.5820418504855234,-0.7863674938074854,-1.1864227672087428,0.8407050470716919,0.570200160555337,0.19549577229000048,0.3110134165833802,-1.094570226156845,0.228004511540794,-0.23615499612134117,-0.9759221668041304,-0.029886496590645524,-0.4229629051421393,0.1991732844976719,-0.8066058942666923,0.22905259054964794,0.12868382822708033,-0.01099386289617853,-1.071135213059472,-0.19655904270561184,-1.4229045381334389,0.44572568072376373,-0.0537012970750002,0.8442640157914254,-0.24423124671712448,0.08370558224766111
0,0.4866110362783684,0.2447390186933612,0.7859295651834385,0.7425869503632343,0.8601272023671555,0.888364494963403,0.765243096181082,0.7412095835785728,0.2370370321386813,0.4660929362157954,0.05423209684449108,-0.7762663101031574,1.5952395362796021,0.2412861910121237,-0.917363821167776,0.4327842413404336,-2.25704300360963,-0.46381975445960766,0.2700816154755801,-0.9977544158991122,-0.6360002640365929,-0.9693464875821625,0.3474694560746505,-1.8307425246514422,0.9698232670652583,1.28326722977711,-0.5941744336977478,-0.20134475086701234,-0.7279971976282009,-2.755663014059927,1.4458315440043723,-0.6102857538606923,0.2430512204836869,0.5844848528406071,0.08683393586410622
0,0.5035254561030257,0.4243640937165215,0.8127973804347248,0.7664621290346876,0.0989434410181834,0.9224779859830922,0.8523274936730527,0.5540674518713458,0.5408997302380818,0.9075256550336868,0.35831089830078655,0.04744672114536872,1.071093363887514,0.5269114815756168,-0.23514581481915148,1.235072976179794,-1.467088855981401,0.28942699284457324,-0.9437878989563486,-0.5160402062280277,-0.07105404838537435,-0.22235992514060665,0.11894588662946852,-2.1136632394412684,1.2651807708277425,1.1683589905666985,0.33532313488562326,-1.5153075030183238,-1.6008411751191698,-2.5361563071625715,0.9573810887032408,0.5973626968853342,0.7308466482578739,0.954099329874692,0.40040264411272797
0,0.6890897467723576,0.8911964914635114,0.1508809160371511,0.2465791836809574,0.2651216432586281,0.2482893800817005,0.9504626139437808,0.3492462067237415,0.561805739597643,0.3024330636425194,-0.7567612377328916,0.12261119731492175,0.27217395425239577,0.5578454048894049,1.0215416122928491,-0.0870297737528485,-0.9872472761061347,-0.23637486610459008,0.18321170302718115,-0.6928515471876889,-1.1732172031101225,-0.8704774351688719,-0.1769096062714277,-2.0374715930734975,-0.3151907935899757,-0.27958221161955227,0.46350139294428994,-1.3422450063799634,-0.9000292511951113,-0.47147710041556173,-0.7305662488248794,0.7677213079552078,-0.1553165346891703,0.03707317167253798,-0.2650382460669928
1,0.5962281868548023,0.8105712669698057,0.4406957668713896,0.1784124668940019,0.202673134873355,0.814725323094082,0.9067257113299968,0.488299080121328,0.1137003302684507,0.3320651609874996,-0.6523604357364677,0.10588958916810486,0.759147641501757,0.07115632918948195,-0.07919562654230493,0.7106331672992285,-1.201649071639946,-0.050519186246048675,0.5676760339860153,-0.8513852780819974,-1.005252921255027,-1.131450859260065,0.2575099075365785,-2.0005560275853487,0.45076212144018935,0.07098981286264136,0.12304340515228283,-0.9012761487263576,-0.8698694220498838,-0.7416392110673204,-0.23354442709190631,0.622625499449713,-0.03213809856238539,-0.10353383235018677,-0.17888136173063685
1,0.2406196982806469,0.1803563059643019,0.9340658420052708,0.0170294681950775,0.8861813873480192,0.0885813570129788,0.5519879443548237,0.7874131016612396,0.098350697240686,0.8905784027172202,-0.5373933994130462,-1.7635958614009537,0.3673271869083764,0.40261988076091465,-0.848181774725694,-0.7719283027269636,-0.21301982645671913,-0.5915129977112118,0.11019846201946056,-1.8443398496323011,1.17722633561204,-1.0623685168281056,0.11486628877480709,-0.8941111568959024,-0.08015802181528434,0.11389842379969475,-0.847362813854856,-0.15119912344690364,1.011236447118893,-2.7811690556537285,0.4724087557006845,-0.5764567476551916,0.7601241686215944,0.49148245221563697,-0.0873536308889031
1,0.9605073283830632,0.0904293544239903,0.0233758819779007,0.0201106140796174,0.2538146130072342,0.027046153211734,0.0376138270748337,0.2793851529532571,0.1640727304605365,0.5934998610526064,-0.6078682591727831,-0.42816930724995844,0.002485159284273404,0.5416276815150057,0.6413391306162807,0.25088224978130036,-0.5688069981984633,-0.4472964867239321,0.8524940976645193,-1.4318517407843188,-0.9372122683506012,-1.2033340159026908,-0.4251712525957909,-0.8697394186933156,-0.37377333456102557,0.3416081551258858,0.9442006485570963,-0.5200188566897166,0.2457016701785996,-0.9269081493633538,-0.38740362286263164,-0.11399469122647837,0.8142957101591084,0.5585896217180941,-0.4646197983878686
0,0.3802810006191094,0.8824685580674292,0.0038864106627474,0.0686747093542013,0.5438402237528307,0.6209327487083061,0.3595893368156574,0.3110638256755347,0.1510762231385551,0.8234975225587422,-0.5495440892221614,-0.47755521865327777,0.18817015493484612,0.3378446218871611,0.25548870255984335,0.8332833153052622,-1.1908114127539051,0.3642864481194107,1.117881529540114,-0.9162173337281423,-0.9861664216160974,-1.6410720388491846,0.9812301121642835,-0.4816002895609652,-0.4109852830325796,0.5227521468853017,0.7515937734077894,-0.30070540828628467,-0.3165656807691902,-0.633531319409931,0.13484926487697135,0.13167896638268045,0.1825434806221348,-0.5680509204134454,0.1552777055735811
1,0.4567859940732074,0.6871487772485654,0.0961030233870198,0.0775601482905116,0.2358681713819755,0.6780189348922787,0.9279363011119616,0.3970762296957864,0.6015879336024245,0.6906843999103551,-0.33656043676409236,-0.20225716697776655,0.3458103619966802,0.2718725420082393,0.48593408804828847,0.30763063263164425,-0.4004543165071577,0.30865874930856857,-0.3162780944085285,-0.5434388280291989,-1.0050199273997193,-0.5152804115347928,-0.17653851384174643,-1.5390822378919642,0.020955985025285603,-0.07452874116410152,0.4727974461250126,-1.1983058463395904,-0.6776838059161481,-1.0625359345436882,0.16844530697080473,1.094843672233622,-0.22297701923379062,-0.2560913239916193,0.04292484875846863
0,0.0833441060546085,0.9648839551206524,0.594200156776381,0.9893055123253156,0.4258033824550742,0.5704047851361708,0.5743674138386108,0.1917901111259593,0.5468092271130784,0.4467566753750918,-0.9581991304873851,-0.42118639477084535,0.7756001038927884,1.28808462139921,0.6362902829187647,0.6630680502881415,-1.2732882417417666,0.7136536292158022,-0.550481550543666,-0.672016594637254,-1.1203532293296015,-0.6012431337532872,0.9416664567878483,-1.6596874383685505,-0.3165707429545276,0.0635589848275327,-0.028863932123847014,-0.6787557712148927,-0.7527557594200999,-1.0226511122774777,-0.40232116991989064,-0.49679727806848495,0.2576499122582119,-0.013048849890318525,0.23109166930782107
0,0.4257012282725931,0.6352666027497902,0.1153073221623807,0.755835950302022,0.6361123255869394,0.6509516244041956,0.8492065251982176,0.8315396268923465,0.1843994133506568,0.0694342957958009,-0.39917449485747886,-0.2691000429072677,0.6613522745344278,0.5722735153018493,-0.3733643394383243,0.38362851810437193,-2.265267082059177,-0.1238298532651736,0.8316845388249807,-1.069998123696984,-1.536684733426558,-0.9572815585033004,-0.06380641377040544,-0.9966738841973646,0.15191432915354033,0.5446130561394914,0.11590775674120031,-0.6695634636093261,-0.7195842156117045,-1.0042775241316504,0.04676930350100346,0.631932558933901,-0.23368543424150312,-0.7092022829025013,0.4502189560034474
0,0.0967656344488124,0.845097372830978,0.3529336113620236,0.856013110908757,0.4212818531665702,0.9097114239091704,0.1041213459485537,0.1237999169474061,0.9686719209611374,0.1824176346844036,-0.7509262160368176,-0.6072008892552033,0.20597679573148,1.4267338694970542,0.35730865202978307,0.9651907660699318,-0.8515632987481806,0.6299122764063423,-0.6072318118087503,-0.03787987368669582,-1.562627082268561,-0.5747895214958414,1.5227618261302784,-0.9225551783206728,-0.541454249795752,0.1028249084270335,-0.9553530750427669,-0.4425343736343817,-0.5149260372830244,-0.7441184960853336,0.5438030857287751,-0.5504098497658532,-0.21011937506593903,-0.06718983819726955,0.6056282539426675
0,0.2747146100527429,0.2630856286522698,0.7543895297673378,0.3056671654619337,0.2325912537502771,0.0628844695416056,0.0044324289401814,0.4187443923052198,0.491128066357662,0.0237229495909748,-0.6810056118104609,-0.9356698694268069,0.6364545201146755,0.39032963034507445,0.9409604562442841,-0.05454117055387847,-0.5220076216142007,-0.4037308398654319,0.458430183681893,-1.015136466160695,0.01057883369212176,-0.3351027884937216,-0.10379980447919775,-1.3209339793424484,-0.10859625041829264,-0.026332955770560725,-0.14114206749121883,-0.9241360330716787,0.04927068200739393,-1.0193740478594016,-0.3499963262499476,-0.5317256712209018,0.5598201719946508,0.2555633517540634,-0.12006860926740436
1,0.8744088693602323,0.4286992807547154,0.1112833604041385,0.5718705409006909,0.7821914767062147,0.93760971532082,0.0403250077087269,0.7166189986233258,0.5420754552547561,0.9242534014374296,-0.20708970074749852,-0.2583292109588498,0.5957833549430362,1.2522341137411188,0.03914371418365774,1.2100662196882692,-2.7862611185210184,-0.019316517424544426,1.1493289867268865,-1.6115415128970785,-1.7455811735659597,-1.6561281581096476,0.773907677559242,-0.43501198806411406,0.008220426964010041,0.6860087587062808,-0.17510583136016417,-0.29279443129375715,-0.7589781910196002,-2.2534087147201496,2.1094917292855477,-0.27743721394466114,0.5364399064339094,-0.3130595734830939,-0.062286861542284605
1,0.8877341671487796,0.3105612746921204,0.0175434550813242,0.1367307747184704,0.6521316744564882,0.6506671696776504,0.9960394719052328,0.9522882764307068,0.3040536251303209,0.6411832949788754,0.41157932163288585,0.04086428771101394,0.6262335250781694,0.266485739230254,-0.1848544492472629,-0.33040711799886185,-1.4400622741733387,0.01277089050918856,-0.13564300738280632,-1.3012738961221015,-0.9153185078995105,-0.5511200630182239,-0.4127410104410138,-1.1920371512948051,0.41963058667681397,0.3754593316231953,0.46107216197151263,-0.26232374467559044,-0.32438631769557136,-2.2121689221399072,1.4083697750105149,1.7555815349463133,-0.5294418232578049,-0.23859569866274535,-0.3460009319784433
1,0.5959960022507917,0.8608471374905244,0.1090852739052382,0.6522343013278133,0.5129582641809349,0.6156694620739142,0.6878649256744912,0.93201057427779,0.93458265460153,0.6150096675635643,-0.25985469272147865,-0.5332752851785502,-0.28680305041086523,1.4504119864146758,-0.3576732640216271,-0.044665179237286017,-2.040149459763766,0.7212460042012185,-0.7636585353045945,-0.7979229850180276,-1.602393224862675,-0.7311718999483305,0.24476232635727052,-0.7098559470175245,0.18053042842447123,0.05865010498744434,-0.4475337044358395,-1.3503593734893722,-0.5423812995105505,-0.3456546211387374,0.6705851760457813,1.3094082019217244,-0.8640090433131369,-0.10515413840565742,0.16278153826325392
0,0.4999462766032132,0.5824253743650362,0.683433656164335,0.3977341039370545,0.0439538946923568,0.2261685593862825,0.731548674817579,0.0546389714096952,0.1528936125161893,0.5567778252070493,-0.9133051673083667,0.07599545148324027,0.8388034152633439,0.24315245662120155,0.8250920893526666,0.3059512525340319,-0.5914088821257121,0.17387909021969156,0.08031029705358769,-1.189340589401106,-0.19709667126435362,-0.9461778828637187,-0.3173872858482968,-2.2868448261617558,0.2220270331540923,0.386931354616355,0.6038023110843082,-0.9081612683440674,-0.8147043817329838,-1.3410007073738721,-0.8343707294217825,0.0055305336444958775,0.8977217345168871,0.49208978289382227,-0.2701150103693641
1,0.5132887079516559,0.3186802886468685,0.1658765724578318,0.7456626949268884,0.7256191394489447,0.3752159799054487,0.5291802897351809,0.4557716798306177,0.5936369820719858,0.1065587229715675,-0.6972519570022094,-0.5246543481485919,0.5161852084830792,1.1625234463601526,0.48057970427296703,0.19735247504517026,-1.5589076974182006,-0.5530481554210687,0.5790060311979341,-1.0241973664991175,-1.0366475096464742,-0.9000705132485507,-0.14524117898241767,-1.3043566421911472,-0.13781140097918013,0.31410217949834035,-0.05200122577169211,-0.6524789331131273,-0.7312380671025188,-0.8883816337550062,0.10402310265953929,-0.12740434884877805,0.13323424071914963,0.04526932714366026,0.2690265036760727
0,0.3887773011508492,0.51350338121335,0.6773616104625969,0.432927459475706,0.1375971085669798,0.59482113278445,0.6575109093991386,0.5047790474624806,0.5537091431226626,0.5293695756488153,-0.5048878332516082,-0.356652432447271,0.848330736885191,0.5091522685623053,0.2830141464257895,0.27527949675777996,-0.7583957781481913,0.10275009813559974,-0.3400049368621674,-0.8027536398720079,-0.25300198477993097,-0.4696130074745561,-0.05768338393992639,-1.7939047130779886,0.41320172246374703,0.13517023174018028,-0.017975577728688914,-1.1333685468223396,-0.6173871432431546,-1.2893690394619939,-0.06725049660167928,0.23719696099118381,0.3888349587319202,0.31498406847486277,0.05837488980320745
0,0.4648675637874699,0.0192062343105837,0.9208075887422578,0.0753958572021725,0.8020506110032131,0.9228138390606524,0.2039841886524985,0.5055764421031615,0.155029461146827,0.173547749001602,0.3866536494670106,-1.802129593661549,1.1590328801662109,0.372608288784824,-0.4900652739952249,0.21423245190785456,-1.0527989719088993,-0.9862317051944403,0.6041682834740645,-1.2560934241773236,-0.6265922658541851,-1.3658462445298223,0.1900323160776773,-1.6167657602395837,-0.3705574819962247,-0.1627883181739008,-0.7331180255605323,0.15882271894754849,-0.33944359608239794,-2.310819973217723,1.1175566970077677,-0.9302870345103548,0.5174996541906708,0.5452372562920277,-0.5567537668661403
0,0.0847513439081771,0.2241753501842981,0.3351070498399979,0.4299886444755644,0.2788922564612763,0.7359623320467381,0.7729982664082184,0.237649750525965,0.7349394783106127,0.7410490624593215,-0.28539435874734786,-0.7429085283914277,0.6764988694912483,0.6347278465451054,0.32121213267880855,0.3645090741490907,0.18090736878974562,0.32100551120779325,-0.39541209093734014,-0.8105836621113773,-0.5535424091370121,0.017257997435395994,-0.1807932199170184,-1.5253479002519794,-0.03324969332488773,0.45208663964553986,0.18148540077182598,-1.130903022139367,-0.21152645850271884,-1.6019366014481378,0.3920964975948575,0.4425705834470497,0.015367296083338769,-0.16730017257035046,0.46276298868529575
0,0.7761918609855114,0.6912150373943162,0.312081513405861,0.1501397730008319,0.4068209647385929,0.7509000179435235,0.8124612241116128,0.8098618742242416,0.3279644239184869,0.4297873733244393,-0.26205304816048913,-0.04094011929816673,0.35390274619599893,0.18181100147748458,-0.09108256428399912,0.13058168712407964,-1.6116541845257348,-0.15586587397371732,0.15092547502078332,-0.9332670656208873,-1.0667748178228904,-1.2211365888498873,0.15268878743779146,-1.3819056251933461,0.3885890099526176,0.03025084252491568,0.14717433755010495,-0.8650762023215265,-0.5451159153941229,-0.8934005652623661,0.3497938331507407,0.9773899414627938,-0.284101065994155,-0.14553360319753025,-0.49645844344205314
0,0.1723596050213607,0.4274124798097489,0.1471238894793789,0.9314355967295704,0.9462202186518374,0.2460438173197237,0.1776234723174634,0.6765749563488065,0.9937560460983396,0.6624869863775754,-0.9805102504205693,-1.2503040929367797,-0.08905947917459145,1.9128405429992252,-0.4320390364404886,0.1081871470324716,-1.655972992486679,0.2911674079505345,-0.2669309620672552,-1.4243378087843923,-0.7763580007638877,-0.6434639118719017,-0.17576712418324894,-0.5418940451210468,-0.6109019492247475,0.043500490936126776,-0.47671517811549297,-0.5135875801853349,-0.01197284918732757,-0.9968094430020554,0.4436456520304186,-1.0861370472395273,-0.14977198288299565,-0.6442296427957179,0.7243340094330237
1,0.544468013819644,0.565471668526769,0.1900680996262155,0.3172817243429572,0.9786147304039426,0.460343746074522,0.2623426208711368,0.6227974560555338,0.6215349021518286,0.682030685777693,-0.6966375236859267,-0.9915391467410705,0.07964866653894724,0.8944397711935861,-0.11393758667247561,-0.1383521869112652,-1.6666231713443167,-0.40270345798630197,0.5532611629667539,-1.4894543140332372,-1.0817842709979302,-1.6089709756819135,0.25917851900608,-0.4893636342349669,-0.5165322247452597,0.09709743317555602,-0.29283730572563477,-0.009602462397613067,-0.1586365050339173,-1.4583887773794786,1.0722991724361806,-0.2822525815551374,-0.15252113681103288,-0.42626781046162476,0.038153227484565566
1,0.3818321638964211,0.903846248691488,0.8739605103689121,0.3637399399291496,0.1082208252175173,0.1427519654533033,0.8516822353323067,0.4782042038598906,0.8837451871869124,0.3217230654219623,-0.8322515748460682,-0.15986835968998625,0.9183752473687051,0.6204807616464979,1.2987030223585343,-0.8689432024748999,-0.7182455282609267,0.030158098149077082,-0.6417351411244945,-0.9029295837748003,0.09810325236698937,-0.13934653530388688,0.09525606159873919,-2.81290814578741,0.4322023024204523,-0.5877541074188442,-0.550145831742251,-1.4453832175174428,-0.8921718957141526,-0.585234375957902,-0.8502162619783395,0.03379525808976502,0.027532932156860822,1.1778727413850743,-0.35285593483377037
1,0.2460620165339514,0.1391036247523305,0.6835294381336373,0.3118756409668914,0.5559354867833074,0.9035847602134468,0.1059356960514572,0.3827514645912091,0.1790831469334446,0.6502405529836165,0.12721380618735,-1.2856452190395324,0.9234135424240271,0.2670971783539905,-0.22583507787081425,0.7615567648005434,-0.822863060790525,-0.44602619189047227,0.7701107238711729,-1.3021247160537335,-0.5908167145053683,-1.0179741100618476,0.355323883153219,-1.0753374481109739,-0.3174725395824061,0.38169008558120704,-0.17095041459526356,-0.09954214307007729,-0.17271246814863034,-1.7664669356303668,1.0553283413077923,-0.5164413103663584,0.8861614451531722,0.017262256062258115,0.12325823545917855
1,0.5298314187833341,0.0063310726626855,0.0239815169296594,0.8880194754423071,0.9355526996380106,0.02124498959756,0.1150900789833948,0.8602687098025781,0.0673906444843963,0.6833407342508727,-0.14289875274620042,-0.11063516480299286,0.5372276148562836,1.0587247643072257,-0.505377693948054,0.39828460551558703,-1.7216184283445934,-0.06419539843174259,1.9036419195332817,-1.8287923428700614,-1.1506615647664804,-0.896678449822297,-0.3793865914810054,-0.3219137343735934,-0.5641158827427489,0.896832589267804,0.8293950343491182,0.291425660262652,-0.34842887394849914,-1.8265915964381965,0.6438035420021762,-0.6753209345096812,0.9673511859225835,-0.40855633543139347,0.03915941419317841
1,0.1047121749908694,0.9927498862220738,0.39368093239003,0.6178632523307201,0.2801360917906528,0.3017023003247131,0.2124689254897597,0.2418938911675,0.1512645634926261,0.3731180078163918,-0.8643311944325714,-0.4598886189792117,0.5838663826719492,0.5272270654590413,0.8432832514943395,0.43114979986539437,-0.8591407945295575,0.49726467070160035,0.5582484691582406,-0.9508010259343634,-1.023517943733636,-1.0575777254159007,0.538346883816477,-1.0415868346935213,-0.4660859679699023,0.23645644412700342,0.6509091685815097,-0.5715019604480414,-0.09553593825980114,-0.5321651301557836,-0.827945215663296,-0.19223389555963447,0.55097284056604,-0.4216341596949404,-0.1253113757679838
1,0.8481272924599755,0.0497325102539674,0.4770108826936694,0.335809922522619,0.9858600967670492,0.3787299240484645,0.7459225205966554,0.128125796534774,0.8514237880964405,0.7000181459560901,-0.7614999514446237,-0.5514350155846536,0.6893114862201761,0.8543058112276296,0.6801660087791952,0.16216117941760202,-1.321078552364145,-0.7659147057195536,-0.041116223740861366,-1.4805853915773535,-0.033552626736245206,-1.1000084222410487,-0.05098606233872491,-2.0898430454377612,0.21232214694133422,-0.2714982310236168,-0.23537934722376058,0.26989399304303474,-0.614303971482516,-2.22133418744795,1.387602722376494,-0.7356554104774495,-0.1448440192536062,0.8845936610869167,-0.25732538499017543
0,0.7164781434931726,0.4608972068057279,0.3902416731009671,0.0209451559586777,0.5279182878264019,0.1040630333892199,0.7435110951385978,0.8338553615496883,0.4897973332496329,0.9435010969422768,-0.6897837768466654,-0.5872212175904893,0.07951706251720714,0.23526970076676385,0.2065674451911516,-0.45640579586634145,-0.8732514153944259,0.015928134825743165,-0.1729697062284437,-1.5677723728622432,-0.10447892974996553,-0.603967489649473,0.06519693804715823,-0.9832800762768772,0.45605053779854476,0.14098299091380767,0.25958730232093935,-0.5135596165434111,0.10819661493796894,-2.008781028814396,0.3187223249678838,0.8104480597987904,-0.07223277844623174,0.3031105152388819,-0.40474170482673044
1,0.931385001048292,0.0229261538755168,0.7600735631260609,0.4302579143744407,0.138930352681995,0.2226858338901605,0.4081900553772207,0.0616742561476753,0.5054199140388481,0.799617843268714,-0.20927071167388245,-0.0644287915226533,0.6469944096971076,0.6854088075485127,1.119803435819397,0.3271424393406105,-0.6025405845078586,-0.5596665102180783,-0.27609394298008433,-1.2994588852733735,0.6867904799885656,-0.8150828798749685,-0.19133447876204132,-2.323181312628853,0.6325738393315996,0.07267241586784755,0.9447574114232479,-0.8806487529146713,-0.6363111112187454,-1.6601194814291567,0.045974719793256805,-0.35388580679703785,1.0033627710612305,1.216918414055393,-0.19151863617306414
0,0.0257102705160081,0.8449073295766235,0.3744399739025992,0.128064323543353,0.1272862206731807,0.4397742695021047,0.5963191773687484,0.2352466491426219,0.8910726605629482,0.5008251953053587,-0.9815441108582692,-0.7206056056050936,0.4058807500366035,0.4659798728182444,0.9911777147743976,-0.3761791439517025,0.09727669202560986,0.5825921727841997,-0.4397779544201696,-0.5927599491433526,-0.5389474216252954,-0.20507731265747742,0.1906613923939715,-1.4758529820209338,-0.3850876566678282,-0.4424535600580688,0.03793225349433258,-0.9558068836927289,-0.29021847075304436,-0.5521811632492615,-0.6071410792634216,-0.0021722149988098703,-0.014072497576679058,-0.09458480454053125,0.06799398986791046
1,0.7908460673590109,0.1199472688765516,0.9407030228783222,0.0562466220891397,0.7370930207453634,0.5346469533417267,0.4855918464191833,0.5854436084741814,0.1639397707218693,0.8468194101920257,0.0432172278549982,-0.8739782365311188,0.4585020445548071,0.6156814952453,-0.31572616119043184,-0.13158746381707606,-1.0982222410197586,-1.0684961187544852,-0.2209227614613748,-1.5563396621530086,0.7097337583936212,-1.3688725609501906,0.32385860881097167,-1.6995448640006228,0.3859563251519043,0.4818211946715948,-0.17697880782711836,0.23479866939592026,-0.17661856315233862,-3.066281587334063,1.0175877614821087,-0.6611740435657466,0.9588152163566552,1.306972757723235,-0.6088869985845212
0,0.2226685094815315,0.7457222517277022,0.7421461197462336,0.8237285368327506,0.4326018608684142,0.9920022285396708,0.3405946548990817,0.9538653420325236,0.9568166326579118,0.8588750769493029,-0.7896758672101697,-1.5006674770963437,0.08502438028147755,1.4347357795817408,-0.5441093411876585,0.7555079944436843,-1.9674065909998126,1.2841868034945452,-1.7453142974566052,-0.8106179650104868,-0.5990264692264458,-0.41119548983082904,1.291663129050381,-0.14149825167839794,0.5674765862036721,0.49223379938789524,-0.7470610790726521,-1.0903277704282321,-0.43994156537238344,-1.6930771651027459,2.1974686485916104,-0.023045407773767415,0.3108806204246656,-0.47366021288283505,0.518426761022791
0,0.4667767046283048,0.8615795709605106,0.152369194293289,0.9181847362468328,0.6740002511882532,0.6791654544576593,0.3954504559908204,0.4398505172585547,0.3916333405205029,0.2659993534568988,-0.6145084813231935,-0.31507400438075983,0.3773631500465124,1.1145824681114893,0.17640727759237587,0.7340690756315575,-2.3094677493853433,-0.15048756540512961,0.764301098929431,-0.7609902384517306,-1.7924771368083594,-1.5063751286763858,0.6437377779895957,-1.0815811231928645,-0.3715717451308851,0.5587851214947178,0.023430825507616094,-0.37541274844982314,-0.9564811647786688,-0.566099746973142,0.11229253255697687,-0.15446584811693864,0.12335140887394554,-0.32438442169035403,0.5991764209899902
0,0.1357009314887208,0.0712306789591502,0.8088917144718095,0.7415909586640348,0.6837180347495088,0.0379889884019615,0.8366865162615854,0.4966750633173793,0.45887478923546,0.6745021140402885,-0.5920296404997357,-0.886901132389144,1.136058741640258,0.8070385218641037,-0.1061739817712789,-0.1879679156117764,-0.5572030682201351,-0.1366409840860005,0.16899863427780953,-1.3675898452071371,1.1768693194019573,0.051728903570542606,-0.21332899730755744,-1.884500538803295,0.3188624362590011,0.3468427996255796,-0.31406106481453133,-0.6931086952342127,0.20354551910950286,-2.1720590015150036,0.015134078160540035,-0.45966619316611573,0.3231410348983343,0.45687385571846517,-0.1609203893371443
1,0.1239709822642833,0.9271383255130368,0.3732669523565186,0.6853818769884619,0.7716101980974411,0.3232240112987899,0.1337432932293544,0.8660950467182154,0.2758381297907304,0.7019634173349618,-0.9379695594532619,-1.1078440337303617,0.7584052445215287,1.0892491929583614,-0.07340661608455187,0.22904047151905593,-2.086408273789589,0.2835640839512681,0.7044838984874626,-1.4559194578299735,-0.8534377261900815,-1.2680125730228828,0.3472077256125372,-0.12981220677929095,-0.6382808474999276,0.467539170723673,0.4743941645883973,-0.3606679319505914,0.3038342809745189,-0.859779242361147,0.26647568565075025,-0.4760136442045164,0.657572563638704,-1.0080844810211986,0.5076280869647398
1,0.4587630650515304,0.6664173496286746,0.120914759622496,0.1045312869887757,0.5989478991084989,0.1780705711653654,0.5622137522250512,0.7031476586344392,0.3086279234190339,0.5111498023351959,-0.8012636343446404,-0.6109259772304038,0.07107284256922623,0.3171939159623002,0.23042650420275002,-0.15659054174216822,-1.1276578968950564,-0.2456996306902148,0.7345744644561375,-1.1755150559052117,-0.9037036451205924,-1.0059570585065405,-0.03390447853439497,-0.703471192064332,-0.25548247628267245,0.0993342763676368,0.4215301032428057,-0.646354226835853,-0.02040029363463758,-0.8774988082786546,-0.15280123776111226,0.22789861962152197,-0.06835924637418705,-0.3624478972374241,-0.14886736912710577
0,0.3209036317133937,0.8775638103533564,0.5072464058877939,0.3966436041385691,0.1816304884945652,0.911778642353188,0.4225950893760989,0.3939109634607185,0.8116588325100469,0.3076628914034682,-0.753086690520764,-0.6199794583459425,0.5283347558622705,0.9158748570193082,0.27236274545287414,0.6157764132485758,-0.836309523605146,0.4436714662495349,-0.29412390338379996,-0.3853269428845143,-1.145708925912619,-0.8573591409634388,0.9410590620288913,-1.2953985816812963,-0.14671582108482203,-0.45456156758326255,-0.6283136972824303,-0.7474329409465993,-0.7400166600603124,-0.5760433800694864,0.43441380525228857,0.23131239857475303,-0.01069465284233034,0.000952099794144406,-0.0030866955727621792
0,0.4147501257658645,0.1498040098930144,0.4985990403505552,0.7494557497796626,0.534339979496452,0.3687278018855295,0.1962548593663119,0.7973085391869545,0.3840874480804135,0.4359223716394212,-0.30759200057540126,-0.7225081571335558,0.6324019150234923,1.0484831193442297,0.10459945304358273,0.23402541891324985,-1.5820074361157395,-0.1531730417570753,0.5547707472260663,-1.142373968358423,-0.4423382727187059,-0.5481950290250031,-0.204976328183968,-0.889900974739781,0.039250568769344796,0.6196270266618105,0.2919138516315004,-0.9023551038962669,-0.2134999179982682,-1.477153945350463,0.21485697524693598,-0.34077840120348285,0.6718611554932149,-0.22070567703212485,0.01728282213626741
1,0.9034033473080992,0.5165035476274666,0.4812125405958667,0.7148676997537555,0.7987173309555365,0.2095562315772076,0.5096167391859873,0.4495223635739636,0.5261824298250567,0.2439610558825834,-0.6414890016805197,-0.5448030342229983,0.6149193322211381,1.1067026482104632,0.8604948243412458,-0.1663624858455356,-2.198764637577601,-0.7915032972660117,0.47414067923969005,-1.3706554419192918,-1.0706856642950506,-1.483349471794347,-0.002008262391665457,-2.1055855948945372,-0.020285903620149672,0.2632867766169232,0.14331470987063089,-0.36300677079311205,-0.9751295438921873,-0.9906909268427476,0.43046866199829914,-0.4521788583550921,0.20530619418779336,0.7194097615646258,-0.3082710037291566
1,0.9238014461690608,0.7119632903249768,0.413482500490695,0.5535766977619978,0.8161351721226567,0.1538916475306689,0.3116540436443225,0.2235901397292238,0.7230016532819022,0.525189010705636,-0.6721603861259976,-0.7531420183890026,0.09696005591763017,1.1522312338505885,1.054499949054538,0.16664697885859114,-2.1147650172999954,-0.6314187569015839,0.6117887912197995,-1.3445469125995337,-1.3418748454440015,-1.842540664736097,0.3506564369991383,-2.0547241516456345,-0.4265707779536133,-0.06053545209460887,0.024776826652910547,-0.060617950433349624,-0.6672182379608901,-0.9945620525744712,0.44321150733123976,-0.6829112141329405,-0.018736338456485886,0.7152921552165039,-0.29808647112922576
1,0.4304293320727688,0.2047862714920564,0.7146699488664244,0.5073631101815324,0.6107963970976209,0.044949369620351,0.7953860835648603,0.6476719735520482,0.5802403756250257,0.309159268742927,-0.8991034709044162,-0.9049376008985902,1.0014602855285006,0.8206800427424062,0.3058537112842552,-0.45494630344067893,-1.05140614080481,-0.638579988680539,-0.027320379455120867,-1.1008320883536389,0.4977602635333464,-0.09403148156800005,0.009764677223439343,-1.9079261474522897,0.4370292957139933,-0.17978754580931305,-0.36089802364100787,-0.983504654099244,-0.08242625081964865,-1.6455362056746705,-0.23916697685943678,-0.17512127196728347,-0.05207672663730532,0.4791990238139735,-0.25742371138176673
1,0.7718280667900281,0.5798770181692078,0.9801744568329634,0.013162945492812,0.3908611846098127,0.5958878975174944,0.3029577357488544,0.732046991099491,0.5056921770894481,0.653863861451908,-0.7505967288929167,-0.9473517102424857,0.48897049903079337,0.7598948621078228,0.5924194670201144,-0.06836063488262227,-1.19620835792949,-0.5301479494555617,-0.6937021713008422,-1.1857995301875683,0.11301172358171362,-1.4121503878880433,0.42227409222462486,-1.6542669541560266,0.6176899196383939,-0.25697074456515634,-0.2400402271021958,-0.5533218303371039,-0.6527486274902132,-1.6995778347148005,0.5678408263132481,-0.39113706201995646,0.3458221607074963,0.8966124677270868,-1.2604737445040524
0,0.5526242091532265,0.5973255876000586,0.8742270057952207,0.1925804327636093,0.2364710945206318,0.5228759984326107,0.5152029508863695,0.0485105462527108,0.0495299166744837,0.3016802901547546,-0.8851703592009746,-0.2775048946188196,0.7805191372828976,0.40269889204190884,0.4792829684441068,0.326442207984801,-0.8624476436210481,-0.27271573511100156,0.4688913159445638,-1.2120881515370834,-0.5005574854971171,-1.1005043280391387,0.19682060893748093,-2.2753541339682535,0.1592151168934106,0.0746996345521316,-0.1102845243500416,-0.34809361181795206,-0.7254922716459424,-1.3132496304563743,-0.3559721795541918,-0.43218653940817764,0.6846186326403209,0.7742697208628373,-0.4242122459438184
0,0.2432065094149119,0.2577160895288125,0.9876779629684512,0.6907758749112899,0.03845845117454,0.1701742886699064,0.0781095553040748,0.0430729311276086,0.7910282266389305,0.2272214371877495,-0.48382037912532416,-0.5519091723944041,1.1518461956032395,0.7343180268187703,1.4523906547766539,0.2292234441635882,-0.09053564028256393,-0.06673408243588194,-0.0007843492966244092,-0.8438859446063024,0.4932190711882441,0.034578488021294686,-0.28904037056589715,-2.176671998317722,0.2472245414068016,-0.053586829510752006,-0.279319554803301,-0.9318116126825802,-0.5062196689256844,-1.0233624348661066,-0.14365456377768737,-0.6963392954560979,0.604911457375262,0.69935824942864,0.18516349050899317
1,0.7735682734877573,0.2526340754816489,0.7317687438832171,0.760449508357354,0.0489819553461631,0.7714518062989839,0.2988937375653672,0.1678730112824925,0.7172121525787547,0.5591649136066004,-0.11943311657227668,-0.03967954866813414,0.9702926465416412,1.009493061908648,1.0947963940820447,1.331612920116603,-1.2633222636366623,-0.022609390708279442,-0.2703681554959352,-0.9179943321745884,-0.29232832209866727,-0.919691866109813,0.24364476424782586,-2.130357346308626,0.673473956657884,0.44090747578814476,0.07292896699538673,-1.313065848975245,-1.5296045875340627,-1.5019129096052324,0.411584852013828,-0.39458824398508485,0.7431877458996426,0.9733696456041568,-0.003661312634833956
0,0.4372301331853551,0.2416868979126356,0.0074948362478672,0.5447185979286108,0.6256708398406928,0.8694130392627475,0.6888450270764849,0.990952759733282,0.4547423236078597,0.8563329452882658,0.12419108031748753,-0.4771092974751541,0.34696687119668573,0.5582128325960863,-0.7039453693838282,0.22327055558202993,-1.6106894304499004,0.5868292054731492,0.167455995357798,-1.0087183653250524,-1.0853777255011021,0.05113084730693626,-0.00702454097303197,0.07378949503337504,0.5017218127338823,1.1280604629864004,-0.002549299371492366,-0.6281129915465603,-0.04506483939998974,-2.3376688258099603,1.8471152978890648,1.0671324662762764,-0.03824758854813641,-0.4548852254148294,0.5511513022960708
0,0.6409875544297831,0.4239849331441159,0.7702317690167609,0.5008293456725846,0.970600556282896,0.8165660648238606,0.4308391257426164,0.1206368575397884,0.5387024996715176,0.4564996316821076,-0.5858404444306244,-0.6507110333070015,1.0483223018498298,0.5916747819904203,0.02696249465522072,0.6078166473397291,-2.11190488389591,-0.7392288244423851,0.33618888161806604,-1.3171605740735954,-0.7987410592183702,-1.8977779158862318,0.47128300162558673,-2.1177894338459926,-0.0522669315396932,0.3129167235221884,-1.0543180538783323,0.35881452844936496,-0.9808717899632405,-1.9061500264647808,1.505055161497126,-0.9502049988836644,0.42240860501816235,1.1287794525956805,-0.3419542036806873
0,0.968481976625546,0.7878717045593162,0.1227680666534899,0.0706874539462462,0.6089396584779826,0.8966796379855954,0.6681736284772005,0.3477338906699139,0.9643014054291164,0.2429717642705516,-0.2729528226877151,-0.3011863879140409,0.02430861767001964,0.8469297311516896,0.9272489988028277,0.2859845745574791,-1.7746964774250216,-0.6839721725317145,-0.4678495264750357,-0.5528693678249513,-2.353281648777641,-1.6501657748617142,0.2535609829758141,-1.4680824478851124,-0.3692661959485012,-0.7091131045523777,-0.6161315727513319,-0.8058795214680262,-1.5426686709507622,-0.39984642312408314,0.6498401632085569,0.6236184880211647,-0.798840591289719,0.33953368105034787,-0.8808229704232713
1,0.6292978801185466,0.9716499577458672,0.761859094222165,0.7617021217952606,0.9180962797588452,0.7943303653043949,0.302777772725605,0.0034498460276816,0.5844723635416489,0.4092535880626629,-1.0571758654760581,-0.6222272627884887,0.8228435757850608,1.0817129156846805,0.4741362650826041,0.6878724187641955,-2.8851153252775545,-0.37174561257255784,0.23071453265257497,-0.9100665646348829,-1.5589563204455494,-2.293703271383195,1.3981794743574578,-2.5318801162266866,-0.3226357319827112,0.2556854003449802,-1.025308144090667,0.4550283032399445,-1.4520417838773636,-1.2636795766926427,1.312421439965687,-0.8988679419732104,0.10339274985937606,1.21995032134441,-0.22629144411581448
0,0.2236863143713146,0.9334246080319007,0.763195360780459,0.1342398515364965,0.3946289756846777,0.8190465241950927,0.6120035634373174,0.6797850917338691,0.7551170473815326,0.1376695437320169,-0.7972731142486805,-0.8100540699343184,0.5539190680326247,0.5985134492326563,0.052276429290954975,-0.26721946638468563,-0.8669190581233747,-0.07858850562865413,-0.1089141640744621,-0.6833713131055392,-0.3911860814865369,-0.8147888643200533,0.8073909387575635,-1.6960756943521762,-0.055957595570740475,-1.2350312545015847,-1.0822376019889783,-0.8080064854838294,-0.20483448243668073,-0.4250888358029932,0.5785997611517827,-0.10219121930237142,-0.40285523676392837,0.12400837597717458,-0.3318495824267279
0,0.2276781189300564,0.292000068686876,0.7854423960375218,0.5624591520954996,0.4672905630115742,0.1102574459757973,0.8547574878143684,0.2183222482996738,0.0160713666704082,0.7897490433861629,-0.43335672532817854,-0.41755091427508473,1.0015970259232359,0.20582616891684585,-0.03828479397349976,0.284957105546487,-0.4477619490136338,0.12746703567339454,0.42859085695736737,-1.581610595871694,0.5754589303552314,-0.8352078490218452,-0.47804551451943905,-2.283927600986206,0.20964485428772478,0.7933590177471532,0.3152037158181141,-0.6274611230580456,-0.29913677039550046,-2.021628037947277,-0.3668783137731599,-0.3049706838367655,1.0520042382376567,0.5400995861017543,-0.20547624581149337
0,0.8834994792654549,0.9827749120293174,0.0649166850623289,0.6075269531887226,0.2777952260531996,0.6884320699678135,0.3912169933336712,0.2172112737707321,0.756529847176156,0.1753565832710928,-0.607787689189806,0.07777583000570111,-0.2299372723113424,1.5766253854096428,0.8932474435731115,0.39183482353060467,-1.6416383736084428,0.10103082711047319,0.20782074504979908,-0.42578962281989396,-2.1120841803092225,-1.4193874470906538,0.6525034892208238,-1.2537728173767395,-0.4452610728778308,-0.03424530151052324,-0.03357415914537914,-1.033287955267912,-1.0702757812743589,0.12908233819025033,-0.16215077435489567,0.5934306032092084,-0.16098140574157652,0.3653109833380087,-0.15645290751022206
1,0.1478294587111571,0.9208020227837056,0.6862640159056741,0.2335967329691038,0.615171746066231,0.5714653500687501,0.1740492019810684,0.7654688927989085,0.4209652865800728,0.0010289997525149,-0.7685155397367646,-1.245056470147678,0.3487877996918456,0.7083447289017599,0.40243049221913285,-0.38719265786005275,-1.385147666481137,-0.4274617574640578,0.6516559569625499,-0.8699882478921539,-0.6077045033892994,-1.0085114995526026,0.44321454442160024,-0.9070879364632501,-0.4596757287692933,-0.7480764930849835,-0.316899615142075,-0.49245660541213826,0.2848647109665318,-0.5096673107588062,0.35304586046167935,-0.48347298744447825,0.05033762950506877,-0.3545988951349355,-0.2188693092700747
1,0.5580181560715103,0.0943716149310901,0.2204835071400315,0.688909092925012,0.7675367897124634,0.0808339425272467,0.2565013192624079,0.6720050907369441,0.1192764311677728,0.7725756348647044,-0.15464034171502639,-0.3250999954060971,0.41571543441681513,0.7621159526189796,-0.31484044240391185,0.4212360455578365,-1.276302580686901,-0.07069846012125457,1.4590688479959428,-1.7830038760336246,-0.564909717146421,-0.934333365702411,-0.2100004668743273,-0.6913578574824027,-0.3451223679184463,0.7235351098184708,0.7463814441077784,-0.023189470442901337,0.090434772957146,-1.745406878343682,0.41584579810915745,-0.4194143645631244,0.9184615696379334,-0.13123363701209462,0.06389024537016516
0,0.3961722435673785,0.132794705036533,0.0738857958036371,0.6501769586683478,0.1943839030221181,0.7547866343669192,0.1230004846846262,0.1795536475555993,0.0132607416061057,0.8903752039301085,0.22339817502148654,-0.07574944103226411,0.2590848415268461,0.5914532436413857,0.21323223821346937,1.4624541582994603,-1.0598607464707277,0.350372142108792,1.592349676728348,-1.1143573186686726,-1.003754620243257,-1.017948952862233,-0.04967691403080805,-0.7609441641950692,-0.6716976412985896,0.8196377558147778,0.7399579272806294,-0.43600845600875543,-0.43298620235897095,-1.1994437046847775,-0.17018543753433743,-0.08410860136599811,0.7592306628552833,-0.18269011680489494,0.5157757150570287
0,0.4712992978894038,0.0031605734515354,0.9868801261526596,0.2857850726904362,0.3643480247866304,0.3018697456670817,0.8095818378766413,0.726428530020992,0.2462977041263087,0.9627285577617344,0.04015833956564868,-0.5973647326552429,0.8638730073292773,0.27577781598026296,-0.45786494193735705,-0.5246872844225465,-0.38612183873339134,-0.5749599784511318,-0.7971320297633826,-1.0534136843310558,1.8181371598463636,0.038498123271260676,-0.1243729138101863,-1.9943432307847346,1.3600845133419805,0.7473897437053231,-0.11418755969318578,-1.0495689681348312,-0.2481797848776868,-2.9429867100759948,0.21401095480426374,0.13311798847627215,0.782057820827475,1.151760345784196,-0.06353042401884137
0,0.912310855947552,0.577095696786822,0.484253729013835,0.5781091060879259,0.5681688562442369,0.9767399862208412,0.345051283184916,0.4120534168966725,0.0304983004346026,0.186121480179869,-0.31070417560492547,-0.5515352826080488,0.6746232737444915,0.53312185830226,0.04368700937709837,0.9661039895768657,-2.559191158925831,-0.2223386191739934,1.3282371962026533,-1.7584015095012266,-1.7515280230907893,-1.9018394823405764,0.6316306015245984,-1.8406659764863933,-0.0635675904486647,0.9931496712745718,0.24034388319503705,0.1546040531627212,-1.2806903756937447,-0.9751302380825866,0.6115735186134336,-0.19876084240241382,0.5204520100001233,0.250085958716958,-0.2188940917217516
1,0.4517437401733246,0.0946412184982404,0.425939927335112,0.2571963089245124,0.4235485791339731,0.6097070309169105,0.9429575463275228,0.0925147032707996,0.5041607095266507,0.0144119529621943,-0.71960036677987,-0.4965863966647223,1.4754387916517997,0.6748127617426667,0.6723282475685991,0.2979182075059608,-0.4140728726124782,-0.7121001351852535,0.32097662661851,-0.7217493592115557,-0.2082431025974739,-0.27827860501215873,-0.36053840688468086,-2.082463624661225,0.29841315766786275,-0.02672828548023281,-0.17376102924634204,-1.1408972995752917,-0.518985615512656,-1.6303463307077275,-0.13146419758102693,0.2944848458568609,0.1368765477881827,0.16257541225262984,0.1282521799234435
0,0.0892366561591148,0.0721691575033982,0.1545344170093164,0.1848963372369996,0.3286158131156393,0.3121037857771855,0.4743795569931903,0.6474635314104313,0.4782786781639883,0.6065560824679102,-0.5051549090824011,-1.0346150114937664,0.36631146443455176,0.24495887996419985,0.07850628034377388,-0.29457587252722034,-0.2656627982826708,0.034730572254870196,0.29795015931263563,-0.9702452389861309,-0.32275158309240715,-0.06279040894768646,-0.5421414543143609,-0.5085446392954958,-0.2456727317479384,0.3289757090261454,0.2662944319841019,-0.9307867647616967,0.37278912773226497,-1.2855333134215667,-0.08746196167671957,0.39743349524191096,0.09636515126557207,-0.24233152215346038,0.29011555915979037
0,0.8121883553610436,0.6527556539025212,0.7033144812466371,0.6569584262652641,0.5578608132825019,0.1201940758594973,0.4274878576429756,0.2728618098801728,0.7846707090855408,0.3273579014974024,-0.7014040612158582,-0.6478831222754581,0.473458602553324,1.2231493133674156,1.3454336956481543,-0.2689313813223511,-1.671260181374777,-0.6025821995578531,-0.06383876405980855,-0.9930705914651824,-0.4871154975911781,-1.0793891228676642,0.1412605218188084,-2.419970394743603,0.20448772653228803,-0.12193811523238482,-0.10335875630101955,-0.6968654931839396,-0.7877699053067143,-0.8478797753251461,0.018032083617950487,-0.6089410945524865,0.19303188125355036,1.1714596968724769,-0.3523719932476144
1,0.4454032608277719,0.0333623317250284,0.1326968458231282,0.1624450449475787,0.1188839030880076,0.5934489439391543,0.5566658070003546,0.7244741915778743,0.1010693919695718,0.6793925545913069,-0.07543668764782908,-0.4747417960094288,0.37676062586732056,0.07886563768009694,-0.13777280841025902,0.10042304943134235,-0.7313542903245235,0.03747336844169277,0.564843638659456,-0.7395504766366267,-0.4122099592042034,-0.36359275855895573,-0.7040185735852602,-0.776183282888154,0.16504718195053336,0.6546242270267221,0.5713728900449331,-0.8653993378881245,-0.1476248005812796,-1.375471519759869,0.07376634900186879,0.7925931593431789,0.3942404515307428,-0.06859789641480234,0.1596723161923087
1,0.5702399506435083,0.5449633121966526,0.178188496710277,0.9343338030490193,0.1176475217067188,0.7777563189504771,0.9083901608749648,0.6805610871803576,0.5800479097605471,0.9354206814519492,0.42843902715699395,0.3621493544822125,0.34328935985757525,0.8877641729512038,-0.22827465953610154,1.520834458984134,-1.6578783516012487,1.1063792891442672,-0.3330351622238654,-0.41118565086406683,-1.1002721431009963,-0.22381308551003498,-0.4277961926171741,-1.3757926960337195,0.5461182999372566,1.064613938870206,0.6552069149108265,-1.6544297378367714,-1.1072617046240532,-1.6250041848561447,0.4866726312075168,1.4111416317487022,0.10959876994107816,0.24982358633834675,0.7078328687794913
0,0.7448174212341256,0.6660307791544543,0.1017281569538766,0.0306786439248988,0.9692806749092852,0.5068767009577974,0.7257345285972652,0.033623115229913,0.0788678059824634,0.0571473868832208,-0.704572069488877,-0.5353464221492812,0.35936586318551395,0.28102570782070246,0.5122724784359556,0.5149464587032379,-1.489114218632432,-1.0205179192511107,1.2128483235455005,-1.349557060624846,-1.6855498802208995,-1.8693632353210752,0.31485267594263067,-1.543971098083258,-0.7557625804253759,0.27321804945788436,0.055969261321354054,-0.06250561270620737,-0.9345275060740859,-0.9464240795936654,0.40110537302446675,-0.00341403976065774,0.0736497112636579,-0.19923093607446693,0.2977162038374043
1,0.6505789533828977,0.6416378455517602,0.44987316706119,0.1627006594927142,0.589828887595208,0.9631689863029654,0.9595222958862352,0.5515101364523888,0.5802381879698212,0.6545119637060711,-0.17415625301814083,-0.21380303303825568,0.8150357785294412,0.15432636339485728,-0.2631010875487833,0.5888917278215362,-1.3099521093283695,-0.3635865171267698,-0.6379071213426584,-0.758085414241415,-0.9217307238689274,-1.013820446513549,0.5161258921894638,-1.8489800353980592,0.5808851511530171,0.031219783754415118,-0.5604929832169906,-0.5596617994642853,-1.1149949674438366,-1.7826716117844916,1.3770494774463609,0.8896673091070127,-0.4685405471486772,0.25975881466675627,-0.28079417053141426
0,0.7126555381519364,0.5585922748582007,0.4933803350840428,0.1928517094158121,0.4790135000104183,0.9059949682141056,0.950494489535894,0.7407461264017123,0.6400181013861057,0.1596217823726348,-0.09918757767366951,-0.27155118022227975,1.0814114323076638,0.3457083248859847,-0.1446928510580946,-0.016399049223211597,-1.4013090709434033,-0.578927122970116,-0.6012005169829612,-0.8592741096236132,-0.9725895685981172,-1.056364344352968,0.24591079028141904,-1.9272170377086102,0.4880822529215464,-0.4302106396415378,-0.7842749470474027,-1.1736666638668871,-0.7276451440820609,-1.2294412625665323,0.6019361015649238,0.7807248633252828,-0.5496548925831835,0.15091031630059043,-0.6134006553203397
0,0.9336368324643104,0.7762056855763877,0.9477372590680324,0.0947947193491263,0.7589598454526996,0.399011245058829,0.0309977693511711,0.4677950092350821,0.2708586446480612,0.2953352135570674,-0.5789360758145824,-1.304391051985553,0.04831802537016169,0.945904832388733,0.7675149614694409,-0.16409159114286795,-1.9343568507431608,-0.928060165294395,0.48869944184830105,-1.6342567357538083,-1.0833599759168786,-2.0885319260460653,0.29257982588420123,-2.13052755308466,-0.5420245110417813,0.0645397546182928,-0.05260720431220609,0.1764883058840785,-0.2988582570517899,-1.3507453799977172,0.5014806451037543,-0.7604677968701286,-0.012448567849372694,0.8837676386785512,-1.4200080795626637
0,0.7227762897414771,0.8046139461896807,0.7915625181755002,0.7440368917214113,0.2527091599057304,0.6837155494493294,0.0234153251551885,0.1943716667802032,0.4192944347482504,0.6000233456215714,-0.43591437588080517,-0.449976205906168,0.8070809750077987,1.2424984743401208,0.8886938540674065,1.4063781838148122,-1.7831506378803297,0.32730332734124573,0.2573450976317738,-1.1593447285559837,-1.1253853578297535,-1.3493941929025217,1.0207526473671755,-2.028197141001828,-0.11210131625146866,0.32434945955922745,0.3786298369575742,-0.2784520291093094,-1.0595618045778363,-1.4472478129905164,0.2986014302388608,-0.24885761947599083,0.6397254535344997,0.6721167706760749,-0.3013161602230218
