y,x0,x1,x2,x3,x4
0,0.2830973962905048,0.2465339524172484,0.2756013000101577,0.53569335751792,0.41865069591394044
1,0.5129127960580209,0.13783854582225064,0.30264819920048547,0.9437629565572991,0.07812290318431125
0,0.8614459089165459,0.7338889301913734,0.38613586650807685,0.4668927293958848,0.16718957418581637
1,0.7798206623898813,0.7957340608969868,0.661343708406567,0.19740686779040995,0.21637260924085022
0,0.49437601217284277,0.47110376159294165,0.4670286039168434,0.4218253428996417,0.06384649927804575
1,0.902142622644427,0.32434503485856214,0.5390715089960926,0.14605183673952127,0.3146868321829941
1,0.3740419406356812,0.6473662667151143,0.4449860648744788,0.7785022266547424,0.6943551736904489
0,0.9917216413476935,0.802648804660512,0.3180076660779315,0.6443301665894335,0.4336167836213315
0,0.09798529396424727,0.7979260735236677,0.4181039009086389,0.4625121945535835,0.2556229894800722
1,0.3256631545983564,0.29701919248589936,0.9517753417665259,0.2145211196747535,0.5507195027619264
0,0.33431470417896847,0.36722746560032304,0.8510473037254165,0.629775509857445,0.5514390798216311
1,0.323204479132148,0.906762841744779,0.4995110761003867,0.09294598394423748,0.7332869428366252
1,0.11333971594307657,0.6590574716071326,0.1303058264859447,0.9892189719979813,0.23910512026276476
0,0.7593495969086965,0.8179564765593155,0.2035039826254097,0.17448884500803608,0.9642245003234843
1,0.24432258263385942,0.3623369173047952,0.8757850606202333,0.1799842856642977,0.3043240876228842
0,0.9777080325721202,0.6430092677641813,0.2624835540496777,0.09456788277501926,0.4190899284170585
0,0.16403616700815626,0.9724004735608306,0.7334040174114502,0.9865676797400936,0.1396256875736721
0,0.8696510462793627,0.8985560449244324,0.22707806677114462,0.7665163157317341,0.16636182778836106
0,0.15933199922209684,0.26173889566160125,0.8232960348735165,0.5079739216214009,0.46120954935895164
1,0.2744836620549378,0.2254819392154006,0.1609105833788269,0.4003952252228614,0.02974500668978397
1,0.35450836241122763,0.16752993701878338,0.32701777252830677,0.47202413840124136,0.6343327847259436
0,0.532652736659133,0.3641283937242087,0.07240756364486856,0.012002632713064898,0.3257913723925032
0,0.5225843086349492,0.8455771208121522,0.008040761159495813,0.2762798676524173,0.4312010300050845
1,0.802691116891865,0.5803075352557794,0.4114051044860032,0.4448513662741458,0.3250956464727046
0,0.5645357792130933,0.574617665260988,0.463927961856623,0.3117017616842156,0.4998136800742826
1,0.8357405025720978,0.9255424615192955,0.00545213085022922,0.48844401843213336,0.9299310990423448
1,0.3501708638132265,0.4940338543714454,0.8870830453404451,0.6387234799959016,0.16892824589520083
0,0.06638028499300552,0.6124189811083773,0.880188605745933,0.8762423510288329,0.49204497609986764
1,0.9896779073001883,0.5622567554945505,0.8084549502259073,0.4609203811115107,0.4781416205852179
1,0.031041175142199284,0.6551380949370664,0.9133551864009897,0.3935434459607695,0.4459063542988052
0,0.6963402843606886,0.3617164691390279,0.7855259770391876,0.01466047103344914,0.6385417261529713
1,0.5862856666493446,0.036271557379257025,0.5543294145524009,0.0004189602122190994,0.5343423832880468
0,0.3889493292642514,0.9079840307775982,0.3231676509384107,0.27675116235545205,0.45413109591168843
0,0.9492059360896614,0.08284532858490556,0.3047815366201071,0.011326192266121415,0.07115394998734126
0,0.8487328615264668,0.6819841307808091,0.1049097796823526,0.3197650937445329,0.9807500039414183
0,0.5993951377089592,0.6445455005733158,0.5052934281674699,0.669691199702603,0.6294652084148205
0,0.8640664898476503,0.20961661737789794,0.036281275060651486,0.18286406877191508,0.258256978583574
1,0.7671404077076354,0.3666311512158513,0.147577381184125,0.7473528561347806,0.882123604371598
0,0.0380831376684968,0.35663541274152366,0.42499683364155105,0.38859848580238276,0.5526170762341412
1,0.6424574298368334,0.8133778051820136,0.755779288014242,0.21324573001536462,0.031925184749555524
0,0.8821642074242867,0.6949889434127432,0.6042988656379983,0.9268368602955723,0.590215618456523
0,0.2892643063018121,0.04902929185636873,0.26927554609900495,0.7340619732795277,0.028981012721963073
0,0.8666788129670735,0.10033730353131942,0.7093324493391749,0.8758802821665564,0.12919280684715306
1,0.02245732445562254,0.5556570161027502,0.6111691511048488,0.56473237091179,0.8790852189307389
0,0.7867194815470024,0.4636158263931741,0.13182659258916263,0.09334497367660888,0.5237006997583556
1,0.8185074147746634,0.30847357415871146,0.41624906617006374,0.00809958839264402,0.319313402698843
1,0.4115779532663665,0.4550206965158248,0.9427037650837199,0.6145393160560024,0.8254143409616368
1,0.47176285127956585,0.8188187728149122,0.7123272852289536,0.7219229472239188,0.11553564883752898
1,0.1435796895199425,0.6238037290005471,0.2606711591671197,0.8164449141822163,0.1108094509677644
0,0.3356903375922343,0.8296335456612118,0.5704558992302209,0.5820098482600036,0.5165889745229322
0,0.6607000468657739,0.3718133365223084,0.17228223398206055,0.784458161360999,0.8103782257163106
1,0.24230954646935288,0.8018342205818172,0.35396452440726445,0.9121433334861017,0.2742171094691632
1,0.7182558268197664,0.8990960869727755,0.059028512479931905,0.8943156505169704,0.552521082032552
1,0.6372961419255095,0.888209465416974,0.7571876817042766,0.8325679125991041,0.7816371246667577
1,0.7557242163970825,0.8975492532276501,0.9157998641227489,0.5257800438992286,0.8829206991936563
1,0.7204791031390474,0.4757941223048018,0.30661965408506153,0.3083978276703606,0.7331334924346459
1,0.8465803527546819,0.004838960973402084,0.6871354517867664,0.1785520052901458,0.35278694344675576
0,0.1153137628373827,0.2702874313810675,0.07122168367680803,0.12082207287610791,0.8620398819613294
0,0.7233360461884502,0.1485618997809881,0.5976195062758913,0.41175718928778515,0.8281675894297446
1,0.11008359105400567,0.9510160151424891,0.9142894708126975,0.8767222060972428,0.39360539587909105
1,0.9244423105490169,0.4121892833512504,0.7280807179815924,0.9018646750759001,0.1477819972418586
1,0.8836747678630396,0.6585324892232112,0.09013775651507927,0.836438868091942,0.0882129281123305
1,0.36206800500145,0.9321273082080956,0.36149434812095094,0.5723553414122683,0.10813410667324064
1,0.6039489832823277,0.09532206239034124,0.40894294122091723,0.5350613632520507,0.7764802300126554
0,0.7276831358081154,0.5374712939700168,0.12327484942853872,0.3808416937341188,0.8346812058755183
1,0.5725019402778032,0.6801401688702896,0.25315104505619634,0.8756177288275746,0.23356017178591004
0,0.4997030391877123,0.07941346513360636,0.5558746269937127,0.5624314584105156,0.44987515833488523
0,0.45524202556357174,0.16563303462064982,0.996405575091239,0.8802826995613106,0.3772110831899773
0,0.26821272305698485,0.6530444900564585,0.39966855758339714,0.19086517120253887,0.7598079883400294
1,0.928236419147608,0.8789347928078874,0.548279250520203,0.8696138075634271,0.16242796279005234
1,0.03735440259372702,0.0011989265659712034,0.14683847046018006,0.8293868598795746,0.351978396313789
1,0.9951187857860624,0.4367432808333547,0.8430449075754392,0.22220538146167534,0.8614885704683383
0,0.001314683295959851,0.4141718175484549,0.4485141097916432,0.8379674938487879,0.9665910252505019
0,0.6710044340425682,0.5352361657943306,0.2559427175082053,0.5001375483899428,0.21618724692884328
1,0.8881124124481355,0.8723623955552824,0.569432948169316,0.9268185985603831,0.8117015405206321
1,0.28234707823824357,0.2704715318689386,0.724887555680791,0.5734892153782044,0.9077813465963686
1,0.6383156709626924,0.4294077601183054,0.25235240166764195,0.45101433798515855,0.906950285640766
1,0.3900196281648911,0.2977858993024143,0.3722185689042604,0.06277132083243064,0.48311503389583954
0,0.5268638179533077,0.3365438865975222,0.7238324976980439,0.8805956065951761,0.27388782427523284
1,0.2932660791020222,0.8919175580194647,0.7333325360661506,0.6993091702143759,0.6492016067139346
1,0.6332440792439034,0.954489449654865,0.37809737434728985,0.046083507822590186,0.35411676562959404
1,0.5275804306794388,0.06814241855017655,0.5031981537720205,0.7670705976575293,0.44062897208073004
1,0.21687938990054212,0.39145607222452494,0.7692476325945018,0.09517456585144479,0.7216519910698092
1,0.1874711154911859,0.2949051344686173,0.02035412413550297,0.20235703494387847,0.5166828981208451
0,0.30892696750616144,0.10400009602676596,0.6425934478118103,0.3742676964038092,0.2637806978301783
0,0.3189574379560932,0.47499827644730763,0.5074963467589466,0.8622118806325355,0.30372131227150734
1,0.9845867826794149,0.15702450066086115,0.664408244025317,0.28361484191002084,0.020578426907540415
1,0.5571633847124843,0.5698228990584053,0.004292646131557776,0.9176315150045148,0.5423590211596896
1,0.875995613937681,0.4133244814761592,0.2484377570347891,0.7747634869550792,0.14171971715673493
1,0.7117268504223528,0.4729730428253359,0.03947596305685008,0.2444341490334403,0.8119894358108216
1,0.318704714422811,0.6942311456014449,0.7808872136238121,0.7026398795742207,0.48794973005055875
0,0.7998481922624711,0.4695895976081058,0.7098707890300725,0.4452640330763983,0.8294316042550433
1,0.7648776087978748,0.5064856685671475,0.9963310764878414,0.26027017072682446,0.858603483891607
0,0.2107281469291492,0.33185984112903355,0.25983599944614033,0.1440288442993003,0.9606405398579908
1,0.06467855309880777,0.30243077698507215,0.3638276813544187,0.24634963775292917,0.7819379354488003
1,0.04468367655001182,0.06078232227493452,0.3350522052359197,0.7711345164084201,0.10999228881618628
0,0.9509167972414956,0.23053225199448713,0.3224750104652073,0.9985282402792605,0.2009691233075982
1,0.845153813856926,0.35458832314797295,0.8526852318089808,0.96877519151751,0.0007857049696963214
0,0.6168212491557945,0.5095545966648809,0.21389521797866828,0.8058708975007021,0.32874235637764226
0,0.9226602159390253,0.41645274160131296,0.017822556063771033,0.8730061876761347,0.4068729280936102
0,0.7090117068221365,0.5755592031624316,0.324762850429022,0.29649582102967387,0.5318293872581804
0,0.4234542224571278,0.42401342707527523,0.23760255254821916,0.17357348759233293,0.9816380602665066
0,0.5050994623180773,0.35135457298878636,0.7876043900618043,0.3992324133233508,0.5286937730308333
1,0.7771823475998755,0.2279054467978533,0.7098215954024426,0.30859845429103694,0.46879149113027485
0,0.8649945811114712,0.08406506028391159,0.505573755664055,0.5488147946703926,0.986960280896443
0,0.1687887367198202,0.005705028530934242,0.046960338836908644,0.18640907498247694,0.6923944855028786
0,0.31072808120368367,0.19711595438532292,0.8544523349530401,0.2955058640586896,0.12540717628632436
1,0.08722761959775882,0.8339273952680716,0.26227968754289055,0.5985977028350026,0.8876274314648089
0,0.01887263429539532,0.8938287122003058,0.6880733285665878,0.7192290740515006,0.8544451699701109
0,0.7311029974707394,0.518497802830896,0.0721755289442817,0.0702791517412894,0.4579809264695872
0,0.23025338142347906,0.28044927619785265,0.10689303628001123,0.457985415776457,0.6452569731722029
1,0.7309877296037117,0.7094714517827286,0.07658200732860321,0.8588759583119925,0.5925929539714748
1,0.3859858267455556,0.17853049040248525,0.44222434443718517,0.737421593814546,0.5614777496616437
1,0.29123240370145687,0.45043571815265304,0.7504804083288229,0.8322363121884434,0.22343373146765766
0,0.21373286351986565,0.11182977761268764,0.23411786016139602,0.07927731682600714,0.0674666948424707
0,0.3272469769079571,0.6637038418108039,0.8204491445935246,0.761901865431979,0.5924050632045588
0,0.2594647864365256,0.5504903005264995,0.49288629234199866,0.4509290682104744,0.512893899480225
1,0.06273859660916081,0.17132434514032302,0.7862961404693047,0.5382982492252061,0.6732651434644394
0,0.6406670003829571,0.1105032295736349,0.552425340333103,0.4893408788132605,0.6286103237591516
1,0.7958374177151596,0.5746155870432399,0.7026473120921276,0.842849485275282,0.9674187618948223
0,0.40012393721476824,0.43972772560602524,0.9772128830889559,0.4470132720675404,0.466640596493197
1,0.1337474922344286,0.34261614087213654,0.8627486612263158,0.41388267346367036,0.5119964002567948
0,0.13362401927621914,0.41082806225019164,0.016995655716455005,0.37876714268544875,0.6889372915679639
1,0.9932774992145517,0.06021365082873331,0.23586968092380856,0.8183604747823344,0.5594176008367527
0,0.7628715983559095,0.14942186588419615,0.01074153780796061,0.6492758632618676,0.5563787598919259
1,0.9610988235772757,0.3072085825881564,0.4449780397370433,0.09884332168344034,0.7227146620966532
0,0.38453160387304086,0.651031752272453,0.17276029994660358,0.16215053635876242,0.9560824951559512
1,0.4294499035656638,0.2679646158776755,0.8676894229433989,0.2557867828950602,0.91404556025685
0,0.05879951411608286,0.20799282364124483,0.5866720132045737,0.4672238241068103,0.8287475226196317
1,0.25368830429171463,0.9209924835135112,0.4654862530261069,0.6718871858111469,0.9562111245526629
1,0.3140591004821661,0.7984578927981965,0.11308202271116852,0.4173646444121748,0.9880287865465299
0,0.7655808071678945,0.11630716126916019,0.6030001241648533,0.10802103145710373,0.6403769308731623
1,0.3326916077302511,0.5882336812069359,0.15352654051143266,0.6177230431434187,0.6221443726263192
0,0.84814217867225,0.4548788985348553,0.5429511939342828,0.6415887125548831,0.4260642274562788
0,0.6751063255096225,0.534393014912262,0.17139347265248794,0.39123518722667583,0.7263578384269825
1,0.4124968264004938,0.04785680590977692,0.19278152933847525,0.5160960000028246,0.45116718527812627
1,0.8158738523271652,0.18622663833805642,0.3500456992304689,0.6575284752082518,0.5161774718230806
0,0.04381898462570877,0.34463185647850825,0.6822849514467676,0.6223355690762257,0.21710660250213676
1,0.8422636473296281,0.12746468835586833,0.15452323854792005,0.41443546447617086,0.8156047402410646
0,0.20870656514304675,0.3283920021066733,0.7614387274284868,0.13056224422161677,0.8442249686263698
0,0.832159322806964,0.35449757890376377,0.2934822470807845,0.48433113970252173,0.8969499981464616
0,0.8861062825289624,0.8617845711679619,0.31202748844291506,0.7059327532084506,0.7939969291817305
1,0.8294898768780921,0.7819079522114146,0.9040826641913196,0.07140625865262273,0.6065687747519731
0,0.1366868414641752,0.9062080001178631,0.1859624066781882,0.8154038785567818,0.7448689947255993
0,0.018103209394785158,0.4594483941700602,0.5114308694611374,0.23622455956391764,0.7402105937167909
1,0.41354216292533696,0.45571792658222343,0.08670560369968028,0.5420488527124159,0.06754038562786269
0,0.7222865985505528,0.750882714399752,0.9893126802972795,0.9849518995505365,0.705186641621548
0,0.9084284007826953,0.43877877328520265,0.6501794460734388,0.43114237076549655,0.35173857999947156
1,0.9916664000894597,0.7249877642511608,0.10422649987150157,0.40108673115494353,0.9494947377544568
0,0.6064048164416815,0.5131326208473862,0.3352449930095329,0.5961217629680883,0.9219329292822811
0,0.5294609002925009,0.08452554286154901,0.6882425327779765,0.5488644235642237,0.034130726624286845
1,0.9146404057649563,0.3905325738538643,0.7191720412129876,0.42649739953433485,0.6585609120678342
0,0.8995464409459655,0.011851392709106512,0.8975606459397634,0.10584390122494436,0.17809700969509878
1,0.3012686855975598,0.28692405749985483,0.1881989314757857,0.5693083363690794,0.28063898118617014
1,0.9752741556951681,0.04024930221485035,0.19357847390025218,0.4734519266650836,0.8207537310154522
0,0.44898773287582083,0.5362306507064609,0.21080682178901333,0.7749380414571109,0.913527447455913
0,0.31067600848001464,0.564457457498571,0.5524280256339305,0.24690276057811866,0.32332306620987805
1,0.10285895725524674,0.12011827522990048,0.9870602479161674,0.17357481261652996,0.52180290531877
0,0.6798306327429512,0.008955519562893421,0.4549814941732504,0.5466746053913115,0.2459292494402654
0,0.5055529813370153,0.07528617138097127,0.18059732657638183,0.24081605191312527,0.4744617662697549
0,0.7603700014979983,0.6660564517032406,0.4101842269341205,0.7029799301866291,0.33237990795213124
1,0.9547635279132023,0.48439768980233,0.7022966980130729,0.7462114482421361,0.19574341824195518
1,0.2677877583033841,0.04162663483261875,0.5272635808555061,0.14750404728071276,0.18415572469709895
1,0.7008175474764686,0.3525956867715415,0.9054107803714377,0.35823382326134146,0.3955038685977119
0,0.4457252269836569,0.4839743845047788,0.3286963711587788,0.938574554849595,0.6832016145585389
1,0.36256901969330135,0.43075836250597976,0.06505758761000513,0.1788476691534674,0.4284048244356069
1,0.9567043063719274,0.7840840423582265,0.3758746405303417,0.7630415351823346,0.04878309769101752
0,0.16750374466235507,0.48026234932008804,0.022118558697080126,0.4356830604685815,0.08292365974586868
0,0.1258867938233238,0.20944238417279848,0.003993985401568034,0.6404766554269121,0.5462252993008072
0,0.8540120314554003,0.2780004367130269,0.021052876602265513,0.3200632102856762,0.1832489830421904
1,0.6033438863349452,0.7231967710346723,0.509902876586203,0.37348862341117184,0.10557207286138792
1,0.5939965979486813,0.7969514134608205,0.27126579156766706,0.45842987188136397,0.47833411091863565
0,0.870008098599186,0.7397518384628619,0.29419501220289623,0.2425798968437879,0.982534159115545
0,0.5391466743439439,0.9788060011533215,0.21465981989413196,0.5862936844881076,0.7428789749580009
1,0.5947498644269974,0.5939979531680596,0.25180646185344036,0.499499974953418,0.30663392330762007
0,0.7498619053725124,0.3451413976684544,0.6963836520481798,0.9104554968505187,0.6643802882937395
1,0.04822752060092261,0.2080388350468919,0.933704761939344,0.8262988913805067,0.4366812677897933
0,0.6357258478148413,0.17735282254469265,0.9304422018695763,0.5511525138876265,0.6802902370088125
1,0.14547173556643678,0.5962873410910942,0.2553771575837521,0.7905771067344671,0.19908578742940408
0,0.03395671583270721,0.9919820510908949,0.04753486149344699,0.9414859813054395,0.9572630350437076
0,0.3170397451101652,0.7478841927495002,0.9056165315990626,0.34974352653265584,0.4462811673099262
0,0.7860386457461401,0.9294837745916251,0.965703466040349,0.5450996784268456,0.4764895551218492
0,0.06269588117881963,0.5279917893124385,0.6528964361218738,0.8422433814371001,0.29627705527727555
1,0.9192854692855121,0.8724941317392607,0.5449812436503292,0.6590303688899779,0.6522830985104746
0,0.8196981655389184,0.1651940333014731,0.7121952348483812,0.9328887974229791,0.747583844026227
1,0.2576655674775131,0.18984129986376874,0.3436627362242385,0.6485156857743972,0.3587692847154733
1,0.4286226560286689,0.9948188180858931,0.8643163333324091,0.139195968487285,0.8942032259358358
0,0.6045026070195754,0.6966755531025628,0.4594367806022678,0.8987093145271609,0.2513865133860559
1,0.35450347241307256,0.7970150920234675,0.6085940435010249,0.3640559997732159,0.677058342557304
1,0.3487527880862674,0.658589025305414,0.19834263732378565,0.2732530833762047,0.4181347938945106
1,0.13687290268008845,0.47424751850881486,0.19955190969991388,0.2417157570907007,0.8963307660611883
0,0.018870233098211675,0.3795989009441004,0.6323755379759053,0.959968390361078,0.9139165944969881
1,0.14368767828171547,0.8067398681843123,0.3095216364839851,0.5291904215347133,0.9015781660290543
0,0.7888034409746741,0.349459252709987,0.17361179705717245,0.9824396186460986,0.4946054254220851
1,0.44000651577772165,0.23832166759400242,0.7743830225355449,0.9815852746176903,0.26885601078224663
0,0.2717758555745191,0.7004606754515618,0.014336823570701096,0.5296325963611586,0.45574296830475625
1,0.9006480808076696,0.737818515048959,0.6927397504903426,0.641483887587459,0.18425765607387967
1,0.7023536620378181,0.9134052258916978,0.6497934857164437,0.9084228433449143,0.2909455027093788
0,0.8824500024051722,0.5832235765285012,0.46127937608012415,0.2946319720623424,0.8054601029587622
1,0.05728332004095715,0.5501012752620935,0.10420745575413481,0.026663580756630556,0.7130851982561577
0,0.5848022879292555,0.10418760629795065,0.47493008271390336,0.841942821698098,0.8760549875674059
0,0.28249334023543526,0.41466721978868326,0.07040171649205684,0.7344210769039597,0.6139985353878393
1,0.8843511992242352,0.3581569097215548,0.5912251418431179,0.5426677874779624,0.9597250391926653
1,0.5422478154303034,0.3273641027782268,0.2480609497418681,0.5195634581692715,0.6470132438027835
0,0.813449699026104,0.8508209429274532,0.8348525947247358,0.27389420640775153,0.9554214645325583
0,0.3617575225645563,0.49120471210440997,0.3891812470557934,0.6865351451700625,0.42728348044099307
1,0.012453635095717619,0.9816638828387919,0.6247549936017082,0.9755671354168703,0.21286017994034556
1,0.10895272061971728,0.5222750690163454,0.4665793889298482,0.928995352266722,0.5873570284243971
1,0.7275322983258589,0.8534027466528141,0.9865840296307758,0.024406993457833703,0.5458060772548603
1,0.7394873612847617,0.531372200898837,0.8444099400845456,0.2370325248493117,0.1857640101720417
0,0.45525050746146234,0.6487576519306488,0.6634877044462324,0.481820193431327,0.9408621702518388
0,0.2928506230960164,0.46285411726811987,0.9315940478209127,0.13348172441855854,0.5715540517103751
0,0.578058562986111,0.21860452757409388,0.6220800857417292,0.7994118366798322,0.2176426251280612
1,0.8844100798530985,0.5973991866640577,0.8564392633003995,0.7414711169143092,0.2572113240573347
0,0.8608943182920132,0.2792829367278369,0.1086052986198307,0.07736192625358229,0.2655860584614307
1,0.580285779347889,0.9866920472669667,0.946708529704868,0.7094651774975974,0.7522033190329985
0,0.09227945934863202,0.10830137610567026,0.2835230010951909,0.8930476322154575,0.02233784171496278
1,0.23132067727029437,0.02074884860363213,0.6554007913773388,0.1369528432045889,0.9939237792546125
1,0.8119995507128854,0.8244133112314599,0.3369868904132266,0.5212287605561702,0.5276494790784314
0,0.2773057590207194,0.6698784814718575,0.9529389778384441,0.7434941893370892,0.6897670315289659
0,0.014179567992089526,0.7598113179673258,0.967360643587634,0.8395999093197933,0.7719610388817375
1,0.1339846963052912,0.5736076065521223,0.7813478291307823,0.19736215355606945,0.1301419575506496
1,0.04031393969248642,0.587135387735991,0.10990691432145627,0.9904700624131091,0.6868353588577059
0,0.8323697346526802,0.008213696652345281,0.3439939130104199,0.32529053500789107,0.4083344924828475
0,0.10757799724528727,0.780139236259276,0.9336425171719999,0.5498721983013909,0.4214340451779176
1,0.8654864086001554,0.461118596875428,0.6910822441315307,0.1655387160233457,0.9538221296808983
0,0.8642094048798324,0.09547304465907513,0.27275494132224465,0.8252087572907219,0.00814267521249501
1,0.2422878975891315,0.48000147699667395,0.9939060818885312,0.8124763216535075,0.9013544299320835
1,0.04911096261095527,0.8025382101253526,0.605597206538376,0.2549887495819697,0.9530326706327664
0,0.14616522013157152,0.9966212474799807,0.9091173637248939,0.8125439810150653,0.6999742365602656
1,0.8311002604287118,0.6067361308270167,0.16345209889672319,0.7658919153807521,0.18599476670979687
0,0.7696817357538215,0.407059617448695,0.09867997647500548,0.335783147426169,0.32353893465818495
0,0.8441065069065986,0.27839434434230237,0.3204406450982442,0.07751255565107285,0.279976027168202
0,0.15905910737732676,0.9562017335416746,0.9103498794161612,0.1634325442217892,0.8530281512006268
1,0.1451765539405977,0.9385494113690503,0.9833640561254281,0.452530909486741,0.7184000572271472
1,0.9855353730850581,0.829676345592095,0.6567881917548413,0.9415734523147512,0.8109977599666075
1,0.4995558396630052,0.5430640779056698,0.79897038789647,0.6241334054015222,0.9767388850830162
1,0.8172393380397445,0.06628392321506893,0.5985074673000399,0.45203307389309966,0.6621482493239937
0,0.6750186002164558,0.150462202738729,0.7028223140701123,0.523328668945936,0.620557616221443
1,0.899161478537395,0.001511054359278896,0.9649537735474579,0.7882654261889467,0.5951837016030742
0,0.24483815174768786,0.3644175044615964,0.9811557335791863,0.54026027484524,0.7106217831520182
1,0.16247583411597188,0.9428175893232471,0.35656707870979143,0.006751151896935759,0.10288195367606423
0,0.43178954314579054,0.2777060833956735,0.3323718027375725,0.46234499508661075,0.8826547499998696
0,0.9613168328409288,0.5425111475449224,0.8058600328593882,0.09839328982694462,0.4972173119562584
0,0.35692951930592953,0.6571277799363365,0.3016889619011346,0.7880874104308125,0.6901720428489705
0,0.3474742464244077,0.31283848721506846,0.19242925840297687,0.585596285026913,0.8494078046711191
0,0.9740428024691243,0.5795281882321207,0.6135958056453332,0.7798207672759594,0.14882845551488688
0,0.6676783027394418,0.9576365425543077,0.404178536551819,0.7290427178273506,0.3343772744937754
0,0.7338558231015683,0.055323817884051385,0.9780035571708136,0.31370709403804375,0.01625563504048022
1,0.9799750586440149,0.8018576746483854,0.7267204336400243,0.98224757351944,0.3667831526444041
1,0.9192026172901745,0.4078879745814802,0.27273246524216344,0.44037188517742587,0.6502816536033301
1,0.8820092433310254,0.5661380849253552,0.6667842955176221,0.6757363105296116,0.07120989279473833
1,0.1873034844354342,0.17499619959275892,0.4634435353599511,0.23150218785387888,0.7283569792756949
1,0.40234389961353134,0.2692232933254942,0.31957431648823764,0.8104282055159734,0.07909715843183784
0,0.2816594811572489,0.8811275448374921,0.2534363183549394,0.7306947241758115,0.18576390186398561
1,0.9708885797839906,0.04585923675279824,0.609415674010872,0.801878453707134,0.22601631755349283
1,0.3126307333270655,0.9321951906185336,0.6365793057941467,0.874244566829732,0.09416364124894083
0,0.5761498023845929,0.37073794192291976,0.26351748184181856,0.5057285996658032,0.5689431143200377
0,0.9017521009820657,0.7859087994967549,0.7384689298557043,0.006452762349527297,0.2302337991693315
0,0.17894569650662073,0.4110170473172734,0.6107511492789609,0.9348255585704085,0.9748440496181233
0,0.37178710541855753,0.12361274712989823,0.3305142978670689,0.45922085991478945,0.6781317781499376
0,0.8688686255986545,0.7715166910347235,0.680229801685462,0.7963099570008573,0.1349992206338434
1,0.22539106041245438,0.6652389640482458,0.23537621652557372,0.8936552137201824,0.8634100524254558
1,0.3172023046397283,0.358470465081533,0.0419699116114125,0.726169370296035,0.6963106386764151
0,0.08309024157145062,0.25116808944202584,0.14392160521233888,0.9691459685220256,0.9141051846429205
0,0.6257105173917057,0.14860034719780646,0.31775645888926773,0.8289430013829614,0.5427261933645637
1,0.9491617897975692,0.3194316431248384,0.5703658819554773,0.45389176735519876,0.5892475253489041
0,0.03627671923544229,0.669638090208477,0.15185646583676882,0.933157603545309,0.9222211336349242
0,0.9483132807330202,0.3553545779287819,0.6339845124001249,0.9269622870747124,0.8346833337641019
1,0.11318405349590732,0.14034336248639245,0.9969110031337004,0.5520146688654579,0.984673006046147
0,0.7297238796326811,0.7665991050048996,0.8017476010690993,0.16411060416345258,0.2774062963923676
0,0.2929358688522127,0.9904383021634526,0.9030970673816722,0.6312249575709394,0.6125723085486184
1,0.22525029238826766,0.0960714496805366,0.5620351673637821,0.18056201315662357,0.037619291202024896
0,0.28501019669894156,0.6895415132072702,0.7537267248110556,0.5314965876913628,0.619842994617891
0,0.17524365917206197,0.4771018121199935,0.5242858188786516,0.1085441965382623,0.9852362158576814
0,0.6748592265445761,0.02865508994283439,0.029338234833706456,0.1296653800426527,0.7600387014845986
1,0.6800465895184332,0.2786209311473187,0.7084211420141973,0.4914540788759999,0.8149310738895102
1,0.4921611592173395,0.3029269642819633,0.01756452689938015,0.08407930286218623,0.21795775076113766
0,0.6643577134081924,0.402870412828672,0.1130773979219124,0.982071403612751,0.7074281945829385
1,0.6578688904886987,0.8228927583023026,0.8990334325540261,0.1694910387330908,0.25110626658121016
0,0.32095030134692315,0.980741031869806,0.09597817433599376,0.7622179294440375,0.04171718864176022
0,0.8762106272612863,0.6788064085824923,0.1994662739466957,0.9118094080254334,0.1711225139280207
0,0.23658303337067688,0.9095814065831609,0.7208708694706758,0.822803694869466,0.24266173138798652
1,0.7835108303128135,0.7103990257803666,0.7332473835082097,0.40246684859940385,0.09648047049638964
1,0.10492131905023527,0.10021790118939022,0.19231196008921114,0.6184482241301464,0.9718864138270651
0,0.3229149378337618,0.2747696898872902,0.5401061773452919,0.39519764385103495,0.7789766864409482
1,0.6741007415763903,0.36972538046623626,0.28818303238827736,0.8792545429967732,0.7900855285067976
1,0.14379999124841158,0.22906908027641748,0.4478553385725603,0.6950405689534833,0.05959981412296489
1,0.5613602385494115,0.15786844713707626,0.7968167715770555,0.7375646965360163,0.23569121831809337
0,0.2361086541367432,0.16492417511965662,0.4804976341639131,0.8445673021846288,0.6361814989680874
0,0.8502041612663012,0.743368283455171,0.44706684044167944,0.3848094319300873,0.16974994973129898
0,0.9535483616142371,0.8395907816666103,0.6979906458440901,0.05075437910469183,0.020415925245545252
0,0.05754879548721892,0.5370265214786487,0.6129951023866278,0.11092540779685012,0.6982882680454262
1,0.9225714336149219,0.3700902468124627,0.5913601401213243,0.5554113737530377,0.029957391462293592
0,0.8141564260025842,0.5026056154413002,0.6985966824987291,0.5628886941324551,0.07916995834261953
0,0.7575592540293188,0.020850005665569382,0.8739198137824822,0.8481853466403225,0.8865808942871305
1,0.6346501602324046,0.9897228287319979,0.5553597708333748,0.7482915973098063,0.4698183709262872
0,0.45138152031069956,0.4739483846160808,0.5808631389852112,0.6783840429519271,0.4361027905756846
0,0.5016161278320046,0.029312009503883463,0.49854739593541475,0.16150601902148232,0.07388875842692266
1,0.38045261593181456,0.24342934267799599,0.6413237386433557,0.6747163813060997,0.37793614231672923
0,0.6305162112433074,0.6804459068892305,0.18288230903967884,0.22979473865322841,0.533064609587717
0,0.32959924300018684,0.00988658401389908,0.6602278105998517,0.5583822759422716,0.9276148590913113
1,0.23524873777350197,0.7701979362762451,0.7080643239209337,0.6485169420963215,0.7883071993929381
1,0.7316500113925594,0.061027242924578284,0.21788897697932508,0.4286570607036566,0.3238153292811874
0,0.3744411674901872,0.24813091614864802,0.19735255376713545,0.1576862082477738,0.4499782900797499
1,0.31784103070999137,0.5154767371561366,0.6855011050486055,0.021900092625678935,0.7957091830471695
0,0.43654064381072166,0.45268420119211217,0.994894746057514,0.563487815283206,0.4672571607709659
0,0.4108430479868125,0.7027279319359633,0.837000341880684,0.5016329254813955,0.773209004731765
0,0.32877007957731774,0.07032082100009396,0.644108378176838,0.29012780315444764,0.6366677007764068
0,0.6751998404729058,0.3421318940728656,0.39008346223125423,0.27699842385329076,0.2570435973975127
1,0.4296735898601868,0.9004760590724653,0.5283852237610948,0.7132873685848885,0.6543054831023709
0,0.5529613677641689,0.28865342495516444,0.7544891646995157,0.3981132480878655,0.15558263394283678
1,0.25597327696043914,0.3751740912767868,0.12310030670818406,0.4248718095618782,0.49261566392789535
1,0.18527516244390718,0.63924967026161,0.09025136375495646,0.9043588071260283,0.006250902909483047
1,0.8281677736265962,0.10424961766690544,0.3986893298331964,0.4031619633323178,0.4762060468361321
1,0.44080412777155287,0.4216001034941306,0.6461414071260558,0.40161266705777565,0.6169170993786285
1,0.08954511910596352,0.5958472525368861,0.8332973973186915,0.10105229032801488,0.7408790271649515
0,0.4682331443249078,0.2967861295997104,0.42913374978515695,0.20868985093150827,0.7811745036541227
1,0.15268529570208922,0.6772090410026669,0.7801056671838437,0.9001901224598755,0.3354987339752512
1,0.7209717738618153,0.5220279375225747,0.7009096152578416,0.04994228339158824,0.6742859348264177
1,0.5616505426986544,0.28690722781426137,0.6052271828899078,0.5802185572354959,0.9849497657897988
0,0.8474485266783058,0.7439678177341228,0.34260327149990855,0.3311452391979507,0.46194627390453613
1,0.2904338789135015,0.7304362713978456,0.9179025882061537,0.6765923207034292,0.49284092458456064
0,0.07905077218532774,0.7489762112207401,0.6732551787474969,0.01724417835760783,0.9674319272583574
1,0.03876308799162165,0.5213930437459289,0.2409786279837598,0.8784695386946734,0.13011020335538037
0,0.5821747443974246,0.9960451534040459,0.35229160197741205,0.9784256190190411,0.023810373429078324
1,0.07488520059697146,0.004054254772148602,0.032599681679868264,0.04081379272365848,0.3851910732236272
0,0.9501873462974115,0.31826262994134336,0.16039713388340726,0.23043506538772585,0.7238106914298178
1,0.6245268306385982,0.07824887015406279,0.759057988207341,0.6984966737595445,0.2255237716445081
0,0.12891710447877058,0.27441801053486015,0.19089462350481134,0.32219946798653065,0.11910479993277934
0,0.8861584600212906,0.008401090852507065,0.6448432525930587,0.15083036951632145,0.6044452868692867
0,0.13873791264472835,0.5707272192671492,0.9845788955706724,0.722807275219011,0.6108871112408296
0,0.8341174983951659,0.17809825572324378,0.30916987539340435,0.5099221759471504,0.4460381813535442
1,0.21776184097547846,0.681185833862072,0.6329294034242302,0.9363775884128015,0.09037813114999838
1,0.7023626339959075,0.58140464439948,0.2014853716200643,0.215246888321034,0.19692699742288045
1,0.8977281984689317,0.007031434886478061,0.5241349331925894,0.12964290112278254,0.06351869201167737
0,0.9500852104549337,0.7222632116154275,0.08521739399202044,0.6218847323913931,0.41072382818281516
0,0.5379014067988124,0.6355833901962471,0.2797814785060172,0.21177363208674993,0.9088201382421351
1,0.7751585648648018,0.9763080466130604,0.04395892527059608,0.6372665367070498,0.8183657721685116
1,0.27278874469307846,0.246038642092545,0.6078166752072984,0.587615948026579,0.48805230270356326
0,0.3757148900064209,0.6361641832190751,0.10242506888103708,0.8706924108845453,0.06593140524262153
0,0.3914471433461023,0.2220876543096736,0.00906631212784248,0.6410715304637679,0.23299848621957286
1,0.5072296486532153,0.42960817151468966,0.21775167494476488,0.8169993465245945,0.5943687253315676
0,0.6203446360270755,0.8294650654600455,0.5700063781103211,0.7110209991073244,0.8335943755183681
1,0.7393093252194093,0.9529880066130758,0.55829388816579,0.4793264136582448,0.43681132268363176
0,0.2837791215425398,0.4004513696759425,0.13496361229074527,0.8396470143026368,0.5068548592909347
0,0.029874564710623663,0.6748759150666083,0.870254689603589,0.10377430625185002,0.987023656812622
0,0.8223430949123092,0.047493719133344214,0.9947421120775841,0.9358901048043885,0.9133971848211018
1,0.7336430298715729,0.6050382807569299,0.9716301048498477,0.8529791468889142,0.6781911549590393
0,0.3133755525482741,0.08510711674011417,0.3158970312696977,0.7476286751220218,0.25875123165994773
1,0.8226332477160634,0.9843424379849371,0.9182320917168683,0.6877890820599377,0.45327924891135096
1,0.07447365449945531,0.2815186445435208,0.4782487504330615,0.7910767493050054,0.6898074606787704
0,0.8506437070314082,0.9307458585939156,0.61022845650955,0.45175857192325575,0.8276440973663763
1,0.24309395275832324,0.7197820179233904,0.6162991990744993,0.9254515405020869,0.9384099080891846
1,0.5928163954578345,0.4967574747347061,0.5489699073167609,0.7853311353095306,0.032804350416656525
0,0.551450694130487,0.7754579664438306,0.09109938223310976,0.39707275777631346,0.8348138566696028
1,0.04890314878397828,0.9075760050370657,0.8894345002752664,0.4092594199556723,0.16451161600331576
1,0.3704449051913866,0.07514892718283406,0.07286515616826794,0.676441465486289,0.19015703543257845
1,0.8282775730927707,0.4171354772641592,0.7678761094805517,0.48259312412009014,0.5472140634062641
1,0.7226746953517698,0.4700948959637846,0.2912585097726268,0.25322879461454606,0.8299958917838348
1,0.22400348642505874,0.3784682914611215,0.33095836604595785,0.36847699810315315,0.6239560786589106
0,0.15023096355211685,0.04851403581166125,0.0007403000776915469,0.8264433142852566,0.13604560854559755
1,0.9872518448462608,0.5526984894708233,0.011261108101957795,0.4956817548867267,0.4318627392212796
1,0.45741242630046697,0.024285769470345442,0.7350148648670697,0.20202115683522026,0.7533120502002838
0,0.7506919535031394,0.019634463544627168,0.6377219253362021,0.22761720131821395,0.5929536564480072
1,0.971021821668178,0.5074965681976075,0.11797240104533468,0.935179184021497,0.951961016975671
1,0.2535543029145747,0.2165798181754941,0.8283219090690727,0.13952161890705916,0.6225942691791331
1,0.4202376559367905,0.8540869318358789,0.6631027248499637,0.659892624469612,0.6930797646555311
1,0.9851970507859558,0.2924932042180859,0.8055449229254075,0.5966464550739513,0.972680459982685
0,0.9469517124201112,0.8075040116959327,0.4939727526468376,0.8392143951450439,0.6339944577459036
1,0.8283761282150873,0.2880482496755161,0.47264825364625707,0.9839846944789616,0.8217129796008991
0,0.05890010783857347,0.32937125947251333,0.14387925500139787,0.24974168830352794,0.14676319286257433
0,0.9067982682966144,0.9567598022246472,0.5936831598512093,0.003990651853298832,0.6302000160301999
0,0.19379550237536813,0.7251350507251503,0.06217281986111889,0.11092733625070328,0.29941610284709397
1,0.4493837135143285,0.21520720343548205,0.42169966378100376,0.9038057837753662,0.5781448692058376
0,0.4108363612423207,0.565404369844402,0.28984635708959083,0.3767756869449096,0.5837848494459722
1,0.9518273674363881,0.5071977895766842,0.3937517469043339,0.4202856146242173,0.7555870108038129
0,0.07687811485774021,0.38739497291928915,0.9618384230230765,0.6317671586983775,0.298927162702757
0,0.31611254764534136,0.36213407425459365,0.8063580099741102,0.09352807139217034,0.40942250758273924
1,0.37702252719171025,0.06295394267788346,0.8939900422562641,0.5781552945318638,0.4323633430251601
0,0.687198255283649,0.92662905263681,0.9760029156877311,0.9556895480914827,0.8329464150214686
1,0.6363449657953116,0.2673007321761194,0.33278193871174655,0.0484651939223667,0.10597947446988809
0,0.9975165440545887,0.1252973657860893,0.14067083169538097,0.23137127107498712,0.08328410455345747
1,0.5060195787337786,0.7344490855187327,0.16690525049470306,0.3365819194565346,0.4541154453751748
1,0.2788753106620856,0.802976070752204,0.5215388388278938,0.9691935091391092,0.32329154940359917
1,0.17412102636730775,0.15570051499974247,0.9002418401209815,0.6608183305001999,0.3155527291679173
1,0.5965924503899894,0.5172643128583312,0.6271439624130325,0.907823406839793,0.9325762526911038
0,0.4779631743643944,0.8427926889226569,0.2955272308618324,0.9024296598657717,0.6056026241656208
0,0.4059579721927844,0.20666786782779412,0.9333793143630129,0.5227221888252903,0.9459000274269987
1,0.9647864816919818,0.050418312482298444,0.25409650441991605,0.7240136690131544,0.5594278496352371
1,0.5320094481164441,0.11939475189615545,0.45792992110952635,0.07079252658702295,0.5481006606926221
0,0.15033635575302529,0.06540453593395323,0.8765305424750324,0.35076158374460775,0.6131057994806932
1,0.26604010541568734,0.31547148354413646,0.3516745337313065,0.8842905932174258,0.9712907600788702
1,0.01490237446379783,0.5149370496559601,0.32395572253244365,0.9268866299289379,0.9741498759633261
0,0.7567659526722625,0.5806124999173072,0.8100355206127147,0.5184883520924027,0.7956146295508766
0,0.5356610927709282,0.5837321803976538,0.5632979111434493,0.4571457533700003,0.98157554851304
1,0.10825127669044388,0.0828267749116095,0.17533662699102381,0.7487090992920249,0.37877417561061566
1,0.0509315747087018,0.6353565518426206,0.27432145102471295,0.7660730668020785,0.7368754278154084
0,0.969650746261108,0.6554739604857659,0.464022376356213,0.2706593870191454,0.6904619047151997
0,0.8988773476167313,0.6099217513074361,0.8435602974064279,0.9034762929643385,0.609992831145412
0,0.678401961380416,0.46537658823803285,0.014912224681539632,0.7930451926021375,0.5957389197622077
0,0.8581111519067642,0.4033826691937994,0.9899102330327633,0.9717936432462936,0.5582170105939886
1,0.18321875725534142,0.26390045720607624,0.4127348178995993,0.10728762296910688,0.23363103565496068
1,0.07154978126475431,0.7954945614422093,0.032841501831120445,0.5491877311834231,0.7907235484680849
0,0.7439706568858804,0.9447596028621323,0.31577922322879526,0.27709283301314314,0.3113108392005972
1,0.14933531683076973,0.18136346734441644,0.07246375834046548,0.34833547083149285,0.3112970842296269
0,0.4151243851268659,0.5986717965819499,0.5289287102262928,0.8469760056081606,0.38531610954822826
0,0.5941918997565613,0.016082494304365147,0.7978873501956766,0.07636363409061797,0.44755448814980203
0,0.8272135028995563,0.8582187761120157,0.3426706151245196,0.6828481052302287,0.4431787838801138
1,0.4133864709340992,0.5693042563706506,0.8024044446380849,0.0025939572075660555,0.6280198842571374
0,0.5150904621186762,0.5616935989860437,0.6489672402390813,0.6245980149059783,0.07033805052262865
1,0.44665179529728716,0.41101378858253557,0.8331191517700954,0.03365028158559924,0.550864483927342
0,0.8288453548902998,0.7997258509955875,0.2672057473869368,0.060741828545750165,0.8809547977893631
1,0.5977007145215942,0.9366477402638673,0.8039284687018775,0.07571027650966777,0.8502310571380071
1,0.83971640744858,0.6365622313263449,0.09868121798244,0.4300210110160759,0.6081010069173981
1,0.2037368663783612,0.10272519231504551,0.5816541573849997,0.8948709289884548,0.2071478952481708
1,0.15390675233769868,0.29168907176241055,0.29869676543053136,0.7296367386100456,0.6040278965291075
0,0.4990813508839107,0.2828243348356563,0.10544711943413487,0.33536863118199767,0.9575159148542703
1,0.6558417864043613,0.6991844259905,0.858077240139433,0.05580893858434377,0.9747714713121447
1,0.5752238487533022,0.9825388069289571,0.8813968909633477,0.82847518321665,0.9970271109952409
0,0.044039267198125454,0.7303958283759546,0.22454266935523604,0.6972860608824206,0.19665590052782134
1,0.6637713613302316,0.15809741970804403,0.24374150947684659,0.7529499581205498,0.10220844165996434
1,0.96346189793751,0.49091970784522676,0.9078585534826757,0.8810819598999389,0.05199994524753271
1,0.15700372502493776,0.6534208176429822,0.9015879461486208,0.08102514119915194,0.7564729696719554
0,0.08844829610357896,0.26631541558811145,0.9815364588156895,0.6755635353876591,0.8461682741289297
1,0.008290148278461418,0.3583258357541035,0.05049065151140042,0.5900304791050427,0.5015175720216636
0,0.9752561046530082,0.08377141444471725,0.6921394430158568,0.919593744562448,0.7080031481055414
1,0.8419901813986058,0.029006715620975343,0.7724840863081476,0.9576578049622023,0.47539618439760745
1,0.6355284265639148,0.4222315538334558,0.052995848682547586,0.031942909483430815,0.6439985944171723
1,0.7974839159525504,0.532921941861058,0.05275698697112852,0.6936416937830004,0.2563924557942867
0,0.5018367066414423,0.5251055739427809,0.3626292761847638,0.5651530705056907,0.1503957511693984
0,0.8868209639056792,0.25398166167997815,0.07906250992966202,0.16167151660364953,0.17336743771980667
1,0.7708313225539755,0.3960597756083488,0.3800254817281776,0.5231259430310308,0.8072159483482877
1,0.9230798587777269,0.8053009891345435,0.5401007951634265,0.2635929764185757,0.05397723874567539
0,0.9459442159827185,0.8499038490833286,0.33641367232025443,0.04039212072355913,0.4341828170733957
1,0.38351963779194986,0.8022490274446671,0.23980375344717675,0.3380367222368956,0.33635703025910935
1,0.39625160500163903,0.31982167018159835,0.8612598989503124,0.7800769851455716,0.1908783335293014
0,0.7189535460364904,0.818828697221045,0.4350461854460329,0.6293694715345348,0.0991165977391496
0,0.3774801448394389,0.24106448679974035,0.28192939004614737,0.3338040765565554,0.9566708216155018
1,0.8085178264906857,0.22841521479407545,0.4571098778068392,0.9849695144606632,0.19125184025829234
1,0.02979476967055128,0.18064550085555486,0.5494537362053019,0.8272650866931505,0.15307905784825526
1,0.1915424029152426,0.8255499969935864,0.39159537670118294,0.5307662065709847,0.5978339336256905
1,0.6097608586506603,0.44974896412055,0.7097275698292853,0.7107237523402827,0.4853148856951911
1,0.9323501722002808,0.5123587507434465,0.44651354072308846,0.2534179227004498,0.5718827206892715
0,0.8860730126385196,0.4773548170906414,0.7347427200837547,0.3575306655583964,0.7128066164407447
1,0.2627880402513366,0.8593775740635025,0.016689513281921697,0.049700664963103214,0.5137264542432463
1,0.5551789621799168,0.0027787599458340972,0.964987124824387,0.006891759574535805,0.2425629007357858
0,0.36167352905013683,0.5614522670482224,0.9376970818325718,0.9039301207948871,0.976882917298184
1,0.5907061436548827,0.41033140902674947,0.5320863258822077,0.23894440144666784,0.061054511478326745
0,0.18616903041545974,0.22685537367943742,0.9903179131320763,0.18319612091061943,0.041775464006017504
0,0.9080741142060129,0.5617662544092106,0.641879506769028,0.774679103395486,0.05063407878312631
0,0.4530921724675435,0.14965462523577278,0.2506620025773971,0.0825525409412936,0.6323414618118904
1,0.34173026706913656,0.9028182047537694,0.079839896208032,0.8077833975769244,0.7398835882995058
1,0.8393672207527445,0.7436357312474033,0.04409156575577655,0.5987059055694822,0.9073971347532687
1,0.22301865810703847,0.9259409890925384,0.7531119063616106,0.9691238150265634,0.3856121039601259
1,0.9126261637733047,0.5828823015868028,0.7471090698704974,0.48755429280502727,0.5394622331984746
1,0.404946761937956,0.3202183526388114,0.38403330377478384,0.485764827210025,0.9943805497211184
0,0.6845485843073941,0.556190218387529,0.3610522667841768,0.8561265849231902,0.9689025581635673
1,0.833612305082922,0.607498308199521,0.0431749758040707,0.8160427371380212,0.275707724100688
1,0.7853956346454093,0.5482215509940113,0.35985767056298235,0.3485669789188065,0.6749678656217857
0,0.8155903682401748,0.843999413227857,0.12292792352181048,0.5797989944355155,0.5219119982150503
0,0.407922672885515,0.38446056550977004,0.98637492108228,0.04346485754908991,0.9096974972797998
1,0.44328302228244,0.10349402131028329,0.28546251462461136,0.4272742259741581,0.4559415324934507
1,0.015583222456931112,0.6285500274294685,0.3011454679508122,0.2035313708080817,0.7637317894118314
1,0.6409858990066194,0.6036260930587187,0.47725326860151984,0.18047999866363984,0.1966351955346346
0,0.3352418515618202,0.2037525364770123,0.7026251557395404,0.4214477237744332,0.19471069095870508
1,0.0055648679929953815,0.5559492552035671,0.32491666945480935,0.5326589049452544,0.5570190844235122
1,0.023285757879080937,0.9500212616612556,0.5231745359522901,0.08866666458280792,0.10424692989023732
1,0.9255521251012445,0.42069799513748174,0.8258747614969433,0.5799761367750176,0.5629309173534955
1,0.3493051668209507,0.9515987233628792,0.8452149436407476,0.06810086885969524,0.20968613203790465
0,0.05473150276105776,0.50505365566693,0.6836353731153477,0.4886372932216272,0.20462537273255343
0,0.20276348967512892,0.5826806862133367,0.14866875532114232,0.858913240692083,0.42648074614152465
0,0.929525870772089,0.9949478131207139,0.4602356104733304,0.4893286062096103,0.8686315205645613
0,0.9098957636649707,0.3433522608477073,0.45664116443925895,0.07961006284782324,0.8079831565707504
0,0.26800169462504486,0.6988624813335164,0.4238914852909835,0.641552212409708,0.21250313655479658
0,0.1248798607367051,0.11635754541939103,0.319445841273835,0.6839443138054321,0.03848556418273985
0,0.5925709542911929,0.7209813810931344,0.4304062744097429,0.0685552515419342,0.8719078884561786
0,0.6201304728229926,0.7807918575422662,0.47482773634015085,0.3227109900336105,0.07399591274164063
1,0.6760932422945228,0.8883627430084371,0.5224626297786071,0.32058644411351234,0.9025194905040144
0,0.32510028036019056,0.4978446647108853,0.795300564680271,0.939608844159072,0.44851208056470526
0,0.6511048005348625,0.4091635994390479,0.33225402986531216,0.7868173152942809,0.66872414990805
1,0.7023972010228344,0.5900693951479944,0.8238719523650943,0.2305275968570838,0.880431818256581
1,0.6051735822152032,0.9897019130790253,0.9739656308058544,0.35999781989023194,0.6482598329258883
0,0.5736081587102866,0.5839354397413076,0.34792330539523386,0.22622235701234006,0.6324792948956076
1,0.39885754277585483,0.5462536540676749,0.8084852687498351,0.8431832744179476,0.5450873904557172
1,0.1375722387896633,0.37174335092979494,0.7780494654104662,0.30785601542588226,0.7974527590918087
0,0.7550736510470365,0.3570077776115257,0.5494264503737142,0.7047824011310443,0.040560574708261465
1,0.4468410798299196,0.813656088713062,0.10314319809736805,0.8467056893828533,0.7773183091338363
0,0.5444107830425688,0.9067612846990928,0.7132732971194323,0.65246557064009,0.05698553489962954
0,0.09901948151325746,0.30678562443075486,0.4313113781557124,0.9388111352503328,0.3854733395787676
1,0.7197466082516364,0.13771781854613274,0.714187842578612,0.441856244080543,0.9427162030308255
0,0.8567983654397615,0.38067417967935446,0.9177093255775869,0.7826248927778288,0.45676898193057514
0,0.3101267096419803,0.07549499357776368,0.6482848228866465,0.44416224795801174,0.12670726300663226
0,0.9935746777738217,0.6233916788527377,0.273495479293126,0.6249255471784272,0.05543575849034299
0,0.35003751738197875,0.47142771296715946,0.9787902097899287,0.674164245631616,0.08485262150002004
0,0.4261120998355339,0.7360336327070258,0.539874360978176,0.5568530919199184,0.3421118603239889
1,0.28935581007442435,0.6351540805136509,0.021984830567206348,0.9489759538727179,0.6980373102191348
0,0.6877209580769853,0.05836720450752375,0.6135659500668691,0.28000419395506193,0.6456808773527527
1,0.06738150106857832,0.9151835457222344,0.38492591822732247,0.014139719975165055,0.7899517744047961
1,0.01859002666935816,0.7661220080517829,0.09988074820095427,0.6378826086001217,0.2651457130517272
1,0.5719053387789124,0.015734721769149917,0.937923383754299,0.5614723453599201,0.3643049626644348
1,0.6356715744661876,0.3416049992247464,0.39418437548265406,0.7453410508939465,0.8848940209791484
0,0.2999498170922237,0.25658183232298093,0.11912400145135049,0.8038717505252111,0.022942374177060132
0,0.05724619891796434,0.5897480420118827,0.36980208094851563,0.8621655022039003,0.8692979343835572
1,0.672455388748516,0.5987642315425952,0.46003489582927504,0.6172507721766695,0.1391582306945599
0,0.36934867718828124,0.7184357673444405,0.36995824630784735,0.5938322238056003,0.637419323405119
1,0.20230174240788512,0.2959439157007766,0.06435894549349619,0.7610770689671403,0.6470305980967194
1,0.3680966164542169,0.07871405560346056,0.9819502893682404,0.07639853685030051,0.05876763467738788
0,0.29877933186849526,0.10216258701936376,0.7559409529718082,0.18294674716697978,0.11266322140035556
1,0.7748169328889322,0.07598994553444205,0.01979873637588969,0.9454567289893997,0.5654769783443825
1,0.2404586957811189,0.24939974916749952,0.6144868859413325,0.022055466111559285,0.7567200267534478
0,0.37435160615323004,0.673251544310809,0.9800454920480783,0.8023240280066238,0.6650089229152699
0,0.42329540540513066,0.18086008606015624,0.8792497281452076,0.07437159472913024,0.5817995698088865
0,0.3790798275898244,0.3950103506254219,0.6492430983360904,0.6022823114174898,0.8080292823757321
0,0.21936773651031594,0.2735168518144532,0.5761274896726982,0.42445998036004406,0.9908862759285144
0,0.5227219729683988,0.4715751317786395,0.9883436273232394,0.14975002958871453,0.13508606411823165
0,0.9499611152526908,0.2794680009270799,0.8060341252234192,0.07247923601453743,0.2898263494961453
1,0.7368692423279886,0.25201407093832606,0.6472373578471317,0.36414315412237874,0.5910885198944009
0,0.8653182077050816,0.052419494220742435,0.012405093526517197,0.9523432363265018,0.1198794636566427
0,0.5088569046835977,0.42962524109993894,0.5585999270545584,0.7008016198779239,0.6561974909982856
0,0.46044762823453955,0.002826637984494451,0.8649099697115714,0.5556944885121634,0.1698555667745667
1,0.22219000649106102,0.5402161995213317,0.31890268878083383,0.24508574223835966,0.8108533566486368
0,0.7953012134148927,0.04729015252752833,0.7530011461751056,0.5222764688422558,0.3340395621975706
1,0.42911345411549917,0.6134942654919558,0.8133871077588358,0.36823110717306384,0.7942419115331326
0,0.2678391112920038,0.2601235330326217,0.1641235863579933,0.9996439900791766,0.7596239737474233
1,0.8587984315816348,0.15884277553647008,0.1384085264546392,0.4749716762281374,0.84970680367816
0,0.6357480125412709,0.05679976421885635,0.12266458511154688,0.5412155833068769,0.10007635053395048
1,0.29636263651447636,0.02757660521665639,0.5210789524894837,0.9983753622399485,0.9741051326818696
1,0.1463858294930236,0.1287702869060613,0.947190155012408,0.9720714459038589,0.40735604637339595
1,0.10060250996224529,0.5177844854958501,0.940303104427725,0.999204873992056,0.7320307232255514
1,0.7447698483149898,0.7614933065186241,0.26841671324811234,0.2293738178946395,0.6489770385155391
1,0.8943922891322964,0.055182902855404836,0.9012225379703114,0.08871662048078066,0.36931216976296777
1,0.3814238094736745,0.20106158113961992,0.5046954059941179,0.6577034656882583,0.7930714400887499
1,0.07985714735394178,0.6983888885842661,0.5267158068960438,0.11014311973180502,0.9162200266306151
0,0.00244186831567772,0.13146167136663467,0.32447006016819435,0.20989139619458708,0.7532427882886518
1,0.9140408783205942,0.6576447590559814,0.5756796696685959,0.9210153640515658,0.619014916277117
0,0.8827212512448053,0.6206073167143957,0.7154332682694471,0.7747517524906645,0.49906750140465084
1,0.02648713597189356,0.38387113591111977,0.5840727759361231,0.6137802394529439,0.3331386675755176
1,0.8039469738978287,0.786459764116443,0.5903782151890695,0.9778128428452978,0.04857464617073459
1,0.9169124763509153,0.1691847983700936,0.1643939101840155,0.832585566108578,0.5674464159840058
0,0.4581896856739799,0.0899235922838868,0.4292734946246759,0.031593606876766156,0.21490101941088557
0,0.47380983043575675,0.027869285270329835,0.3523386375337688,0.041480854585689286,0.2864917293570517
1,0.22236381460000387,0.6231482677546699,0.7503408915888642,0.08640286303185618,0.07213464304975092
0,0.03350272842531776,0.3814462661286596,0.15757754117933065,0.34351610966034496,0.17447221794500845
0,0.9206587321566146,0.6604494494013018,0.6680862650182422,0.7230497080958519,0.5722026940404179
0,0.7678639081706715,0.37129346923458206,0.3111269466618447,0.5008609407303327,0.7584248743826661
0,0.8992657171679035,0.8143190554931767,0.35022255842187533,0.11463895008049385,0.5485428173424484
1,0.9720906127007873,0.11927648407855729,0.24181964144858414,0.008085088836857102,0.5871758330901723
1,0.21540371032714334,0.7639501022030637,0.4150537478136389,0.8337915259431239,0.044507943185026044
1,0.35071557475378745,0.7515775100844615,0.9574293921087647,0.44173627750092714,0.3971952872190446
0,0.07454963783546431,0.4614156143267566,0.39354595375546797,0.2655992357701612,0.32866426105612534
1,0.7343173821937831,0.4378370374018551,0.016375052303721493,0.7147123224296211,0.3206512601985898
0,0.5397728823089634,0.3196105706065685,0.3884426713488611,0.32946650662799204,0.18548818403374312
0,0.13099393313876406,0.15016522634472107,0.8401869497567235,0.8163117564589805,0.07623826458886385
0,0.11131770929318052,0.10323838807422969,0.056799638488828075,0.056176973836758015,0.6787172853055324
1,0.6756476315054926,0.49999678485828547,0.7347987225431678,0.9456593188540399,0.9466008691084243
0,0.7671979218529946,0.9925787177828866,0.08436776248391231,0.7540531728251179,0.7531332542922242
0,0.1416918284183698,0.4779680478446726,0.6548884662844261,0.1113074692448317,0.7237489139433793
1,0.16382984358591124,0.7998959250938812,0.19433850849905743,0.18002218427148908,0.40260687657709804
1,0.848780403642091,0.22697380420943358,0.15257057514957595,0.04494333323214328,0.5876657315201126
1,0.22735343815526854,0.8535326605547292,0.9741640801588365,0.2237325312473213,0.5873627643173125
0,0.33037534771386623,0.98976442964574,0.05542068698158642,0.8953895893267673,0.004013779487811564
0,0.6003383054157011,0.11530717940969237,0.218184371585598,0.874232009531345,0.37140576204375286
1,0.480447034361827,0.5347634778064024,0.26232299240322887,0.34766425286675884,0.7557910883688043
1,0.5611395544407388,0.2722219750113489,0.705837593025298,0.12654553470936825,0.7583354260033143
0,0.4390238456943164,0.3452431583644404,0.6135615460012576,0.760271297110789,0.4707947273023433
0,0.5836868971376719,0.007396235942617291,0.1031928578824326,0.7217866358869985,0.5378130254935037
0,0.05343788102481162,0.8827544170269995,0.5027372038654204,0.5799324144112075,0.17222413489981192
0,0.03894243870451197,0.022081761996531335,0.8932905594911636,0.9001362596683535,0.9734353547202076
1,0.9460235536980011,0.5574490393201201,0.07346351412348207,0.6899264027692183,0.015415253281925723
0,0.5425700560044011,0.41807689087917244,0.6702441470503304,0.21947458262832764,0.1786419139509544
0,0.41079988652748967,0.9689104546047982,0.13909890687666904,0.13456066676763956,0.42980833345510594
1,0.13771857917047636,0.3227528846584825,0.9648203846322481,0.49892249850801973,0.07648197511479404
0,0.49734905591878464,0.881751773708128,0.36051276052343484,0.9610030649731643,0.7082193730166686
1,0.24924163897414287,0.005394797643878069,0.42725332195109134,0.986983157089866,0.24531075885752207
1,0.8647146120459184,0.29444391239943346,0.7276755063388983,0.9119392609475818,0.41581365614143895
1,0.720021690377389,0.5651098578125101,0.6190026394009323,0.4574830848428797,0.11897879983187021
1,0.22178507059127672,0.20501009121708902,0.6296778665028417,0.13603197510557807,0.8833510864963761
1,0.6334876231680192,0.03922508691822779,0.48426590102440914,0.08237135262769413,0.5781943947209925
0,0.9381716472181081,0.311422246278274,0.2281423180184462,0.7497123637191535,0.3087931734847146
0,0.4926420956240728,0.7003024611472711,0.9990197405244039,0.23798636392250827,0.5528073748992722
0,0.033463352187115936,0.8153665845769632,0.08805474754660902,0.9405386576863153,0.31456877408220596
0,0.9971445597523553,0.9092420916295745,0.06373075220384783,0.0975076594368941,0.8327159666001114
0,0.880708319053189,0.07291855005467973,0.28119219206880375,0.18908916869962533,0.14324905916016317
1,0.695896909440868,0.5992838423550074,0.6268372718782862,0.46090735145849293,0.8533061949637105
1,0.6265465352643025,0.5817579547796768,0.4658870727299017,0.23892690215586343,0.7022892627650005
0,0.3840804044713181,0.7589466146444487,0.01904514980937666,0.08195637842357595,0.5500769909732549
0,0.2279424930339945,0.7369860735303159,0.29093467998323885,0.7655100631426462,0.8442260609154855
0,0.6904170009770786,0.48093167541318194,0.24880310196873823,0.6508253583836673,0.7759969908794375
0,0.8114861402195496,0.921805519347718,0.7508117980603322,0.7705786888486876,0.17910468974625826
1,0.3841204845706546,0.7637803207063649,0.9482855663972568,0.1680702621185991,0.8880738115205025
1,0.2261072514465513,0.9526812250288736,0.41797058343464133,0.7466916219431554,0.7652470585713764
0,0.3928010712692387,0.17144839798186295,0.22312803076801702,0.8503753490378366,0.38298498902269185
1,0.16115128500899334,0.4835903996953995,0.5743757323962861,0.40172608585674197,0.15863885390927202
1,0.6578904169635937,0.9141640454178852,0.14844944216042066,0.08218731984607974,0.9894719621054425
0,0.5486477992237931,0.2228861848363728,0.7603118594605635,0.3510056539673302,0.9912448134298328
1,0.6925191244423266,0.9429862421738879,0.36542427112526144,0.7535427429219925,0.8906623982328742
1,0.11848836975312282,0.34940000816870964,0.9494774354430041,0.8719397198283269,0.7152049449284962
0,0.6843698327901773,0.9034730723883894,0.6125649134379442,0.23055063126475916,0.33747840692330244
1,0.2710328399853805,0.4041657897365937,0.12114290457394228,0.5207666166509003,0.588367258057703
0,0.1473589325724084,0.77507075720234,0.11718019561752802,0.9639818166088867,0.7558153386700259
1,0.35383790919156977,0.4092474878760759,0.14428260380450908,0.9837728087118237,0.46772791316035367
1,0.12170952335293928,0.4114072542108851,0.7235795313707111,0.2369965158509304,0.9653078181296952
0,0.5417533412066116,0.036258894101717565,0.40380406153179893,0.7561394556340869,0.14984623861158908
1,0.5088614122273991,0.11405506063399717,0.11664022888748904,0.9087743432920992,0.10354536303007
1,0.6149387375656942,0.40125752058380193,0.716209819437361,0.6513795839660443,0.0756205350463155
1,0.7708083763997873,0.539375361514453,0.13982536741229412,0.11102275898431391,0.010628074642776486
1,0.47538535681250704,0.15497105832478697,0.4363136056551439,0.0939061810849372,0.44996705273556903
0,0.643513105754674,0.5905987116671779,0.5387721817983513,0.5442069320406875,0.31895123522876523
0,0.36883013862183034,0.36824578480315706,0.5510126073351702,0.6127714977647257,0.8115346054377586
1,0.9192841173806064,0.467464961281577,0.9271100323753234,0.5769545460212256,0.6580152408168355
1,0.6180991638561059,0.18212832377393107,0.08262482185316578,0.44955043381939275,0.5401740655414109
1,0.7848161870154681,0.4456382912422975,0.943255623095809,0.3934385162014261,0.44923653614849435
0,0.05458968144504961,0.04355678583692446,0.5235620528159399,0.46910045916097265,0.847592707858516
0,0.17301130453850844,0.16473850892070774,0.3511197184076956,0.6573818785215336,0.22573476100916
1,0.8637352575389298,0.6039381391087951,0.6152248741790933,0.6821399642434225,0.6064557596728885
1,0.48171275984522555,0.5309761305079254,0.7041309819106317,0.04710251282577471,0.42287471581114
0,0.8655792692483482,0.3419772553790791,0.48879471609544345,0.5309476483814097,0.6498541774166919
1,0.19350868236988128,0.2522280544349301,0.1195950282988355,0.4312368135883943,0.24878375426242205
0,0.1856698755257873,0.949551122528813,0.01640904696601253,0.9372222458991869,0.1209604551689637
0,0.7228390833452768,0.5935575633362861,0.7331925600863037,0.11768199339845087,0.6505725960106359
0,0.011242225464130451,0.40784939160225253,0.9457084281169238,0.5514108135099881,0.18631468428284126
0,0.5649279806808649,0.5636002397199575,0.18866249620769215,0.977287441483359,0.7661299080935857
1,0.13575141047793116,0.3486144706591203,0.5253969894224302,0.5815088374031658,0.31495607074591303
0,0.5155765698434385,0.5972069002663238,0.67566174709744,0.8810873869012192,0.9702817497671884
1,0.4975429912565258,0.5165909989795867,0.24554945553013952,0.4445982632712435,0.9376872525076428
0,0.6586778751977381,0.29223636288075183,0.40725473202416496,0.4274117249834205,0.3804207328185485
0,0.881959616555332,0.0994490354750156,0.043061607875264696,0.06782293092816016,0.2213680290924609
1,0.17760905678387628,0.5240351521498893,0.6645935548377051,0.5091347954319274,0.9393114057881023
0,0.5276749671393325,0.40244971834230814,0.03477945660904658,0.01800465942852647,0.039013535871986305
0,0.9092155243692223,0.7855763491326819,0.6999812918553623,0.08974045055814961,0.21685074022973727
0,0.14775368061203364,0.2502282214884445,0.37618075075021495,0.6260373800785504,0.7111392373729182
1,0.5424647855281417,0.9227900459585621,0.5554477958641139,0.6655347294103513,0.7785039786069197
0,0.05833225550910781,0.9366464590323544,0.30329956929600876,0.8228285778939661,0.7705223677955666
0,0.8506790406308825,0.18381973816448116,0.026496015099954695,0.2503999824112505,0.8031555060385249
0,0.061798350118147494,0.9868107665390604,0.5405517825256118,0.7539391600926889,0.5798701338710066
0,0.03361386869208283,0.6680313143287271,0.2195226776111151,0.6792359457604714,0.9644370687945918
0,0.8999290493649743,0.30503866565961835,0.19148592262307296,0.8040958144302064,0.9298148199202023
0,0.861856368937733,0.7145565873898562,0.14778855172356575,0.28691890204350534,0.9440240768709093
1,0.708442647951243,0.6411017894725515,0.8007654851499223,0.7895802671371619,0.17783038591155131
1,0.9098183029390783,0.1845357449558267,0.7456417213090999,0.21196698305230932,0.4543328252546228
1,0.5827205444627697,0.163714569560923,0.6523571369695328,0.5164001858520141,0.0018391538407320773
0,0.4884879096626943,0.6073590579055159,0.5196239534664713,0.039952761522019764,0.5080863395522219
1,0.5453111742456956,0.9576501872745097,0.47930402292666496,0.0255992552067269,0.4638293365500883
0,0.9040978675822998,0.8116338510484647,0.2917382653537999,0.7085514261184793,0.7590989840890989
1,0.5853390665751819,0.3300304810079744,0.8922163022359333,0.9475563887699363,0.8045851223771942
0,0.5904538417202119,0.16446001937916233,0.4934389855769219,0.18991499666412404,0.141119182941561
0,0.6664486459449165,0.8153209599866595,0.5131075444417136,0.0710473225265682,0.2612429045820811
0,0.49625942485536245,0.6370953714273453,0.7470492579171618,0.804361806988447,0.8584643363748886
1,0.06412337305863647,0.1499844107451216,0.16528669755229586,0.5550502411068587,0.8338583347221897
0,0.46444184143554557,0.7602608879762887,0.533266498718293,0.7646857395413705,0.26696738212772
1,0.3544365661924601,0.37110271754705715,0.9627351215090117,0.825436346848431,0.41148068305068275
0,0.5198603015052204,0.6747107203301722,0.5115051746852077,0.296959646499401,0.1870496428978673
1,0.500634832906785,0.4358893158600683,0.5933199672754335,0.4250236892213405,0.34680013889193095
1,0.5392313649455801,0.36637039669394145,0.9507732276305351,0.6810749389589759,0.4273876262465357
1,0.30603794580897525,0.646513062235339,0.4913140863291672,0.36193401898091637,0.09645800159760531
1,0.36845416337082604,0.7343556849392137,0.2342654268420512,0.20739548366166294,0.9288824967245127
1,0.27579899622251247,0.8675894279086472,0.9440926083155304,0.4593540044373893,0.07086428817011614
0,0.005161782692317485,0.9576040447984339,0.5231961979469637,0.47570183365760943,0.2814189478805992
1,0.09664495169880682,0.38748009456439014,0.5075784344256536,0.31355222064763255,0.3469339392030796
0,0.14486542952002035,0.5024927376725764,0.18699380305522106,0.28873543759752973,0.4444353556591719
1,0.6909649051009841,0.8396523911530909,0.8580936467792831,0.3212899612408827,0.6414865612344133
0,0.2995505546534678,0.9501628525646177,0.06235128133150758,0.8021390981790414,0.07838730597193433
0,0.05170555843111868,0.5177607995122586,0.3559198791295547,0.9906624663269236,0.27928451783323793
1,0.11910828462519307,0.5266020784377471,0.8430812097791778,0.6972692802199989,0.8737043736689333
1,0.16106890258619,0.7381686502887246,0.21009690985939478,0.7164020527373787,0.46703268316336977
1,0.5997265228014338,0.9532959444698538,0.42658117349609237,0.5904289683475582,0.8610512389866735
1,0.5562248558946185,0.1235016358894474,0.6564297018849778,0.011871365549651847,0.509613755943786
1,0.4793810848382801,0.10680101253597452,0.7974923087920194,0.4037329291993347,0.6060934116598509
0,0.6451324679694689,0.23743516433332945,0.0622452358216784,0.1632241056504864,0.4448591052174812
1,0.6520484504910032,0.1478391081084186,0.7304504521849702,0.5722817827264906,0.4514050630103502
1,0.6907668935782852,0.35147581858279886,0.8646596995926232,0.617276744613739,0.5273414352579862
1,0.22939951674887926,0.5618947636850392,0.8355369599176862,0.29452944068909714,0.2772147587194804
1,0.6310093753615551,0.12126304680026267,0.5614557097381233,0.3567630028873473,0.03569402819694778
1,0.670778520867927,0.929073889271057,0.603851851732083,0.6722285129117915,0.7573377210227077
1,0.6682703446382804,0.8252021153501535,0.7625898142436336,0.12127573250467405,0.3955282978956405
0,0.36099976640486986,0.6999737347407574,0.7927111665058809,0.7569376209220117,0.5239621952376929
1,0.009555140498720749,0.5201579549394966,0.7810282975631576,0.7772082349114671,0.9538995477836899
0,0.22580843558207042,0.6697941705425632,0.9195585761527003,0.3879720947429426,0.4501710337896312
0,0.7293116092254501,0.9231313164977825,0.6033860639169545,0.8316784896047024,0.4447644622867134
1,0.8691275406570824,0.7350489565584423,0.14689271981522545,0.3708585865068025,0.2652677632151772
1,0.6500316069124777,0.27487341614454663,0.5574497598524821,0.667949315938424,0.5573313022190913
0,0.9285789595089637,0.43113788020086885,0.531474063340756,0.009618884606756195,0.031735013430561954
0,0.6789193618643117,0.12188889268401748,0.17312837339040688,0.5251050005324491,0.3490654206679672
1,0.987916708567145,0.5655672367926872,0.06007498188382143,0.9483685613193921,0.8537632217698728
1,0.7376066323426594,0.41438102932496446,0.864781045679759,0.6819621774108376,0.9945968049946691
0,0.13339151393856308,0.6724678167128165,0.4198549542106522,0.12424516216778458,0.48286305365463067
0,0.006420173455223277,0.9681742674710014,0.8663464544392984,0.7536812962462459,0.7454356733754124
1,0.48128731255240165,0.10213838917291429,0.4777886923615693,0.28311626812281554,0.6185348905704761
1,0.7509420741174453,0.03994433148083287,0.5416894456031073,0.09334395891861891,0.7940563142328572
1,0.4512496484567673,0.5505149771632006,0.8413363670110807,0.08736554033618193,0.4257181572537696
0,0.7127135457547896,0.9830253703690511,0.7032379716346518,0.9814178296957261,0.24956278879063454
1,0.8323971213105603,0.4429240074569417,0.39580517378888824,0.2950285907986485,0.3890561581914851
1,0.05071036575996979,0.8313198674864754,0.5919063655052381,0.11902115658538037,0.7077253722376025
0,0.6370172863917777,0.13142376698936253,0.5374847761819678,0.9435410788747925,0.847240756932505
0,0.05326698512099093,0.7666046553968735,0.8457232484655154,0.1158570022530262,0.7696355381529606
1,0.856450956167617,0.6677344172555664,0.3886588356397871,0.6137510537502301,0.6237142986274059
1,0.9185295181931878,0.2949383291939426,0.551327845535517,0.32693021840910197,0.04130170098862962
0,0.8023620699560429,0.07485848005842766,0.5568229189018504,0.16067383709101124,0.4473696280401803
0,0.5219834620209357,0.45613603813080617,0.32182457560363387,0.15470244585918702,0.8947708960271885
0,0.37733751057535103,0.0782491046798024,0.6430283668950038,0.686255456752715,0.7838020129990474
1,0.16557049066607665,0.08388989244849054,0.3542609576309349,0.2748476511635959,0.045511846485446594
0,0.700329356558339,0.14421080853934898,0.8190186531291714,0.9491806182921357,0.07516513321237539
1,0.6704012389191918,0.884316450268634,0.619156436345401,0.9097635544538121,0.09530272013675956
0,0.7056559183206343,0.5994368278284422,0.5782859799097226,0.9925222348391133,0.20668488986563927
1,0.32299839167881095,0.5146397521949785,0.266957306069904,0.08748197434986404,0.32771506051851873
0,0.32659817103507727,0.08471710924768117,0.1416215011077545,0.16880643653677574,0.7047660557828269
0,0.3908372856566896,0.7166627339356747,0.2443152614475883,0.7391069687017737,0.49014106160743065
0,0.6028805847324272,0.6722763386832389,0.818207011244402,0.5888238434461864,0.7725499329394703
0,0.7551424756654296,0.5467845213144563,0.8159996647450557,0.932742817442127,0.33934063898670463
1,0.6050593329657273,0.9842610069625781,0.5082806433558329,0.7492145974618599,0.5675431022034383
1,0.6964768241663482,0.9973148088868332,0.1409590257740666,0.888571215489535,0.4337827403953849
1,0.8113745064326867,0.5976879998569932,0.19656268291530654,0.7084845384686406,0.9449439926770332
0,0.9761782508268435,0.15489947507175816,0.2579163781402003,0.0865499085051128,0.8538693545035326
1,0.6778255700718097,0.4496682214659714,0.43938417567043886,0.5719880164751769,0.9116432104295676
1,0.5370829827603449,0.17552923722712022,0.15690587033746495,0.17819297935814682,0.9331277310181868
0,0.44815794241492724,0.07741589559260986,0.7329644108484126,0.41508010546522234,0.0671797333426043
1,0.5339918658230839,0.4577967126273106,0.7975626894121007,0.16407228857393552,0.6153319991925554
1,0.8958157142756374,0.4861698314330639,0.7969925520158208,0.043838147685224316,0.932661521660725
1,0.8732659379983098,0.65074248280931,0.3688750358150714,0.4876970975489755,0.1603947209308566
0,0.4158540251754089,0.12304665397909653,0.6335991533927274,0.814274655849843,0.8675675077813361
1,0.8047302618886436,0.5278953309616069,0.5182893620905591,0.4161685033821755,0.9761205520056122
0,0.031039390088038465,0.7343658128976149,0.3630653198589755,0.427372894167493,0.2637532153133473
0,0.9121448209318413,0.170188557454104,0.3396511219719649,0.027478583872125317,0.5525659426553393
0,0.05918847086439394,0.09788166280512833,0.9920600082601831,0.44277058968140437,0.40058049227378145
1,0.4916259353414313,0.32726509527914616,0.8078636882263839,0.25139757781144867,0.14811454704305027
1,0.7045490850110998,0.8231738598508107,0.4341354385118251,0.0805551221863009,0.9200423938999651
1,0.5764584099618414,0.9282142050677367,0.5357973412178981,0.0025689641543589214,0.5385957008349375
1,0.23032052524600188,0.65548149498811,0.4931494578073975,0.5719224539371345,0.15951273628191742
0,0.4600096359332594,0.40282600575095884,0.5072622792518663,0.5049006178753629,0.08696998761651131
0,0.540152228963317,0.5061622922478782,0.18965248875735718,0.13346656521580735,0.03178147691292932
1,0.35108218591487284,0.15205205491101637,0.436478989629975,0.8500284347308471,0.48454844019003407
0,0.5379827150348955,0.14025476634057132,0.9529667776574544,0.4891623593101777,0.2625051808219646
0,0.5071931410911662,0.8188979600305508,0.8371526486180427,0.5212778696672759,0.9453336964394116
1,0.7623972594648404,0.3568006636622866,0.2827637147900688,0.07759979554755436,0.2779039860631499
0,0.888043783861147,0.27277611296652426,0.2729358901142447,0.7897637319409568,0.9007741739314433
0,0.3436202484955897,0.02926947629785004,0.5756623940712732,0.33931786291462473,0.5213540111061006
0,0.4728017081378304,0.4071628319520062,0.3518463718109567,0.607290730092368,0.154213878461249
1,0.578447340083641,0.07738975222934175,0.46164608426387654,0.740092468874678,0.6616317344727872
1,0.0694700385770386,0.30974590920761413,0.41350654692751065,0.1528754112716092,0.20087603083481131
1,0.02158013239332368,0.5546756017031474,0.7915105181672101,0.8871848118113965,0.6745112277818829
0,0.1251480383655531,0.1619965765785336,0.5335185832951695,0.93057047069824,0.5416140120702913
1,0.7941846889966578,0.05569234137073542,0.3616149150646272,0.5463765329533028,0.48795924721207073
0,0.9632217539820206,0.10167029607693967,0.769062697580843,0.03236259215012249,0.17968205983720353
1,0.395812033578435,0.7751630793464644,0.38584620685133664,0.7482500866909514,0.5024642579341685
0,0.7289483522200075,0.624789468015614,0.3867424001767633,0.14657767102152575,0.038861160430696096
1,0.8825192977508433,0.5077458600844055,0.926241026679256,0.45778728456287787,0.3686227163424024
1,0.45121319215479216,0.07479945021513612,0.6058355078070974,0.483541238935717,0.16778438654300187
0,0.0371342266183905,0.4027661394371398,0.4803450494769931,0.08564872008617286,0.11779112896715915
0,0.8882111303274256,0.9358827631758467,0.014095116507005678,0.11820964590063543,0.1854915709848841
0,0.7983853314663569,0.5258509382223355,0.2007995292385889,0.198251030705768,0.42921619038002856
0,0.4848864124769442,0.5508483957250854,0.4391666445192306,0.7599858045583545,0.44339407910366924
0,0.8893068097404846,0.6994473581449249,0.23196572819736994,0.06148059603852485,0.8057220726187111
0,0.19569422643987,0.6697190353858178,0.11487158380216556,0.6896243940905246,0.9760270183871791
0,0.9495341921290243,0.21256766476878663,0.8575246505724052,0.8659495952364555,0.807536963749359
0,0.9683689013426794,0.844435291342243,0.8263704317059184,0.8261386913809081,0.20738486769793296
0,0.5878916504161589,0.4977776923555485,0.4150732910795586,0.5714637620797136,0.8524207420387416
1,0.073687039074111,0.9030686361254356,0.10236776866651032,0.860042496741605,0.5699622187615817
1,0.10961720649450812,0.11795956008744546,0.7527575332571326,0.9260371494789679,0.5435906125049595
0,0.23776449505298203,0.6057262525215212,0.8501599748069758,0.6962717547702251,0.4494219909991257
1,0.7435530929414523,0.27717646984233413,0.8227971665127968,0.3998355696313268,0.9280328963010029
1,0.1264493937135479,0.2888419813401436,0.8724604311790525,0.959587958134023,0.6665319627532666
0,0.9421241905948669,0.7810716984192015,0.8166986754124609,0.6734219901063928,0.1471931224167904
1,0.6731797501285649,0.059656639455810234,0.6243450225303638,0.005350478815667636,0.2229348104936213
0,0.8926757321057458,0.4641148132563413,0.8835187483440861,0.4411294046283354,0.12865806340370645
0,0.2019223739934427,0.201723967523885,0.7127882613815901,0.4153935132892388,0.38982374831611766
0,0.2599724103556287,0.7815797223596717,0.6563556705720738,0.8038988923591297,0.44144170063522636
1,0.442295201304285,0.33040895675653803,0.8487578425725533,0.40592397961714743,0.37817759433873654
0,0.3395521288565755,0.12040235810459454,0.615024550276748,0.6322808659138144,0.3674311363323369
0,0.9420772046318833,0.9093678447942941,0.0027312150283989034,0.7733972703649925,0.06565042793090603
0,0.7817017813166105,0.5007685151985033,0.4939189782862964,0.596136853383413,0.6435113865179246
0,0.9517923063467574,0.300477164495334,0.3608125774958658,0.04285393981031815,0.6037488595217018
1,0.7817903118279965,0.018334376002351882,0.42161610239936065,0.010629666072929256,0.8268235075222025
1,0.08626006029893174,0.004195699199442959,0.3534410388320942,0.3219989058649363,0.6803040281392572
0,0.9238870513192251,0.4890822958296499,0.01578545337263826,0.6019864998347193,0.9859870156566505
0,0.23855690609897684,0.43490835932513694,0.35705092756055967,0.12630429901597973,0.8109526388548224
0,0.5332609065075615,0.06574943772613306,0.9033328974433389,0.8237860880734299,0.472807068629322
1,0.22344702469566646,0.8197062016513812,0.7246763262411393,0.3766029034502534,0.17576221113082036
0,0.6490573975186812,0.7895272761148625,0.9628498243368572,0.5434460817002786,0.024528526400111494
0,0.9314309378043603,0.818749340624278,0.7185808629475758,0.10054277132227596,0.23233468900368914
0,0.8479434488049346,0.9362813709071087,0.7684411211884367,0.4431255917341632,0.42080319208380923
0,0.37243633920673813,0.13157642852342488,0.6474838776049122,0.9890082214604066,0.06567674569496307
1,0.3547908136818113,0.9606046324561733,0.8687551971205683,0.2402078970965461,0.24718803828576774
0,0.92605947659418,0.8321463724445473,0.4021130999987639,0.7259726757494295,0.39742717545328776
1,0.5260408252069879,0.9397945122629108,0.5805833688444624,0.5496646042204101,0.19685831140834031
0,0.5600863129585282,0.994888416433639,0.5717403835389183,0.3382620347633426,0.5174665122865796
0,0.299521375811873,0.05226432819120985,0.3274746196560162,0.49402650630025413,0.4807039931431776
0,0.9715098632226862,0.0038896525562573947,0.2067963120885098,0.47715334571726176,0.3548233478202617
1,0.3165406994699862,0.8951844304589512,0.47622299266914314,0.32007119766944114,0.8410422288700073
1,0.5988124241304973,0.17589146576499326,0.8408017291150569,0.15346554840754467,0.2699872201136101
1,0.6248990587887916,0.6030981090651939,0.6715586685411875,0.5320595542274329,0.8009097263742941
0,0.8210511357393978,0.4326060262820055,0.15912757400411925,0.9297792288142749,0.5728188205188041
1,0.2622816146786572,0.5355785137291902,0.3194460665668716,0.7776386200389604,0.13732419887611003
1,0.8157573397244487,0.7161524880339418,0.8421652284109855,0.07195627099434498,0.5297498156384817
0,0.45433172344607253,0.33614454042221564,0.40937739159680575,0.8197842414036548,0.5279676371686532
1,0.38770821198443095,0.6005408136894795,0.965922259371424,0.0015391560600162002,0.47107056515690215
0,0.8252475627507531,0.575639645976715,0.5204821276152591,0.7386938645224765,0.1979367260917959
1,0.7967386930486976,0.7759995269992203,0.4038666256838196,0.5537470978058536,0.36884026498464295
0,0.43500292116293826,0.9475237270046245,0.4342047209090467,0.25320219961991786,0.9246287679911999
1,0.3681314723602419,0.15843368189332252,0.6110242063024254,0.6316087501481126,0.9569917133961416
0,0.7252733368014941,0.31251723152882316,0.4297668202398285,0.150769661808428,0.6007440651887028
1,0.28910354403455474,0.6871777081369611,0.6337980661111072,0.7050346837449154,0.12744089906951184
0,0.6064142972021159,0.035541589970113696,0.49589288081321403,0.17342842286697757,0.6972589424464019
1,0.29580854456973815,0.4519256213222905,0.7196030033400239,0.16477666943052205,0.8075481580688192
0,0.9743676475397608,0.12168186648599488,0.31570716338814486,0.2565172857378145,0.9115957116862038
0,0.4827052074399454,0.23287019238026274,0.2784230686234106,0.465989205843239,0.2263711139478225
0,0.8822347583414154,0.7379947981678066,0.9671221478489701,0.03179583871956326,0.7403032509315707
0,0.33846462077781003,0.09009450224874649,0.5428232127673602,0.11503387059974224,0.052913666533848436
1,0.3873610283145813,0.9572491328039164,0.7849737376262707,0.09644303231067386,0.0231614384427411
0,0.4775885099579663,0.6647291049134418,0.4601555577612947,0.8524466843966181,0.34877527016512977
1,0.7725637622111685,0.07073834626913844,0.22389726685557598,0.7753099549095216,0.60540261837758
1,0.5534351590651004,0.5522268660471047,0.8086253366848908,0.5185833103014157,0.8815906887994108
0,0.5218921541803196,0.15209724570091032,0.8442128473919197,0.9774765218498662,0.6040737892340035
0,0.4816691908458215,0.5673646083625236,0.9231124418146268,0.7888906693331953,0.16050157353657768
1,0.17588834232280448,0.5295424627580658,0.7637353757657462,0.12479249242133794,0.301872856024919
0,0.42385956393183943,0.9945780708988092,0.9040782608707427,0.04031323635406292,0.5047174205928792
1,0.41470084267569685,0.6509170212923155,0.07886295695335988,0.9810989671130373,0.33481150409190663
1,0.621182045135927,0.27041291109489207,0.00547563893927927,0.25275917369219525,0.015038567100723155
1,0.6556631371609554,0.6430735034821162,0.4954409210453423,0.9983129735517726,0.7292061658210526
1,0.8381125453508266,0.21298100172944157,0.3845383597087938,0.17522856401712594,0.20383575829696698
1,0.2516655245371744,0.9495670999972883,0.7933541798751155,0.43012871793435403,0.2554221798192564
0,0.5826238415217105,0.6988360124509281,0.08525644312337588,0.571356452776433,0.05060503114193837
0,0.5812236753457752,0.3068087206446565,0.657608211231242,0.21224306042147245,0.17774419255340057
0,0.5059673894283533,0.8158995070463567,0.13116673618359853,0.31412699358706564,0.5584148020229389
1,0.6299293811813986,0.6927649832773796,0.01696899269673169,0.677090572415357,0.26160854491109775
1,0.017941189821756964,0.9050406702559073,0.09550422521933899,0.2180552367838502,0.4028022465473604
1,0.22769331881844457,0.07287681585877559,0.4374322121200256,0.4544149478532522,0.42531676182943334
0,0.04166496632726724,0.05497123412656735,0.21395145566231266,0.8532277853136555,0.7844447934368299
1,0.35104172102143993,0.24652081776245116,0.28210007718414165,0.5556787179892367,0.41419253258366373
0,0.7956882003110776,0.7880828553382104,0.0334225106268049,0.4903516681367537,0.4536649793556403
0,0.13597786263006706,0.23043985565201675,0.8134324655252351,0.248478296182722,0.26744678485761764
1,0.3320858144085289,0.790951880653838,0.5914366890199197,0.659445139628632,0.3840203001829908
1,0.1306273985511891,0.08907295956082784,0.17734658496137878,0.8486602318261074,0.3849312062070832
0,0.13698895645754894,0.5148054549830122,0.19891565868121808,0.49888979434006175,0.21476467943217858
0,0.795938434694234,0.3095876935328281,0.1254536399263746,0.3066898265334539,0.6723131053075355
1,0.8903062138898411,0.6821198983076869,0.9679232244316108,0.8267390670730215,0.6437571689191266
1,0.883719323888489,0.7348398989106425,0.13965785735723935,0.27694844291688303,0.6142217588852177
1,0.8616094091300103,0.6020822860603833,0.7394286371434916,0.9352087968517507,0.2842091268428172
1,0.27765307954109364,0.3384647870250719,0.5573446874574884,0.044231962043376094,0.33741092005357765
0,0.9603960013870837,0.7461511128846359,0.19625946315797826,0.9192350434613358,0.9065685054113845
0,0.4479670404629049,0.06922249014144577,0.031373032827673675,0.08933947271953635,0.3755746067255167
1,0.01414000743321775,0.7572636048599726,0.9664500412831933,0.646795438768472,0.16640795596017222
0,0.3635972498491865,0.7315824915316971,0.16678931865748092,0.6398996291138841,0.20243344743219083
0,0.5008306840987266,0.22578766990178967,0.7404099405116691,0.49092601738905794,0.8828570939487687
0,0.800293709086688,0.3068498114437759,0.9470682750643749,0.2391056928200569,0.2344222666813709
0,0.335056587623609,0.8271163075169894,0.9351456486239491,0.6082833708111445,0.30586581308162597
1,0.021331560721134624,0.6742568370904424,0.34906973952491327,0.269905883292068,0.01099324995683304
1,0.9627505803080866,0.8006490970337871,0.022134140234415733,0.43940465884956414,0.8332660536913775
1,0.5174326895760708,0.47824591058229426,0.36208193811356937,0.6211423728528356,0.5913472056817318
1,0.23086874378136035,0.7335771510874858,0.260010299695121,0.5123480228767663,0.06429786039847551
1,0.035134450877095325,0.4488723268349528,0.03132193994138077,0.07499286208871281,0.11948861782121412
0,0.8679171587605093,0.1737621514268145,0.19050873651688593,0.279205208598435,0.3184073780639254
0,0.8279553567653368,0.6971817033428973,0.07733263178712069,0.7534335535940528,0.8737350164802131
0,0.7916255545047547,0.8063020156811893,0.8984230046959646,0.8171977193345161,0.9662169824989049
0,0.103382592672698,0.24254150785776318,0.6477159234402704,0.5043442316868008,0.32632005377590945
1,0.8183537468536539,0.3454608941520976,0.001212043151626263,0.42090256855901464,0.3949734010550654
1,0.6790921309582166,0.9665280646177578,0.35294016005616036,0.015149471603749798,0.8287728170366612
0,0.583978013385693,0.16810566797103677,0.3290709219782233,0.4586809667699807,0.12289316910641945
0,0.13332690406880843,0.045931342540796116,0.7880837226162795,0.9899728666420344,0.14472188547202358
1,0.6845616095383648,0.7357210908855865,0.7688650699589824,0.7854452422633073,0.5801663981687408
0,0.22946061030183174,0.8318831707889685,0.07687517099320107,0.8606411943154404,0.3294227685135115
1,0.4704607437610744,0.5514923583766497,0.49089074318656967,0.910702933389111,0.04678580797379828
0,0.0004519335686637982,0.4137293464945885,0.6974787606995867,0.43944607404331903,0.8247383292533667
1,0.3705993247083623,0.4678216761744507,0.4715690655616209,0.9169199226438949,0.28894842631208073
0,0.47516625435059345,0.8645154578612017,0.4699297496972512,0.9983224763154825,0.1652153615596872
1,0.9159680550861851,0.775159598548979,0.8265515003378606,0.8031330288440366,0.6143187297463991
0,0.2627578580830797,0.5756303848323228,0.3776761122540092,0.2968289175638241,0.29902890438515217
0,0.6934562845432086,0.08699396306642015,0.5436389011162119,0.7641682785923676,0.5417870391277523
0,0.6512063914354345,0.5745344186319798,0.38665124103502124,0.3700040856961472,0.23445120426451171
1,0.23540603616286349,0.36042720375870085,0.8941503032796326,0.973110530021347,0.1332067424503658
1,0.2563443890128607,0.8583372584325409,0.9131293728662563,0.001978717960708476,0.5630260082789109
0,0.3666761942277985,0.902862996756539,0.04788009695277595,0.5495351928924784,0.6891430406254282
1,0.21428868093672548,0.37516839262794277,0.44193259829251974,0.7692238537974786,0.33863059359058567
0,0.6874582304434774,0.9155162520418663,0.27696193413642944,0.9347337183761238,0.8373724820693412
1,0.0732031125119853,0.37084389828731035,0.9229240267943178,0.09951193290710048,0.18510356455404064
0,0.7922582772471953,0.14011042933580864,0.012644598929509643,0.7433558991312892,0.8047910307789365
0,0.7171200215354764,0.21724661789665345,0.7188437769849068,0.1478547991515411,0.802880415107729
0,0.30371613631982264,0.14420254173675817,0.9045906177720989,0.0607217923918858,0.029376348618765147
1,0.5780494152140362,0.06882190648956155,0.2978332864425026,0.2542018261636565,0.7795859266777135
1,0.003932997916766823,0.019861621851898437,0.9909476896253543,0.17365079286851826,0.4293332717757238
1,0.5717522095664689,0.3908181507392483,0.44037193903705873,0.5718331884459222,0.37217308636592505
0,0.08978681611350192,0.8006293554776248,0.1735425617684767,0.11961449663733781,0.17982355248520487
0,0.6308641775570571,0.25928441944612124,0.04041849152455246,0.8797970854947854,0.3792096542941443
1,0.8773679163874636,0.12488997460523033,0.7019665292833138,0.5313159647161638,0.04709199269195263
0,0.3180092994289383,0.7404639330143923,0.14016206837129486,0.805646098544735,0.13959653764313407
0,0.08566609453133267,0.33185621758455,0.5052712279059886,0.5423479425273238,0.6676418498842245
0,0.5493953117703565,0.7000235242608432,0.46448522816804017,0.19887495410784717,0.08838947270832098
1,0.07350655782480275,0.3492183877019831,0.36580190786466094,0.39269575688806735,0.28314996008052595
0,0.7974193704496181,0.46287321605308285,0.9010347349951924,0.4054255314917363,0.15298015131431197
1,0.3728038760355512,0.2590854214285716,0.8385803404918235,0.3228253763024307,0.20773165559288043
1,0.3318796189191554,0.4281367396789971,0.7112566617471119,0.754654567997933,0.09176450674759706
1,0.07253895853610581,0.117385624099418,0.6664015649279136,0.05327468390025214,0.22942098616498519
0,0.11102370518930638,0.41438691461870736,0.9929894125180532,0.4715211793035762,0.2058061299416748
1,0.3304256895702077,0.4595952084238545,0.3620180078784597,0.381858006506658,0.28535362153955834
0,0.23976093349895067,0.9025010646351805,0.05463284653504552,0.2797719959253272,0.9012095236423793
1,0.016907708569233626,0.8368528920099809,0.7320403833258885,0.8405955947675168,0.5371439243543957
1,0.30329002259595983,0.3383919192904532,0.5601625770703504,0.8277835094832495,0.35831538155071585
1,0.6756326139136845,0.1441044388805709,0.6374628619142888,0.8293849836389475,0.7319080294570759
0,0.8834535339270894,0.6888800148309796,0.9826876564674049,0.20173294596012825,0.9010124408224088
1,0.03615307456391892,0.6573984911191219,0.9011401649656374,0.069728121701219,0.15148636247368286
1,0.18187603756518966,0.11636548644597622,0.006194991588976517,0.08223533332190403,0.5089442594596094
1,0.847478844171372,0.9787362857334544,0.6008265543236659,0.34635831495602576,0.5556442882540082
1,0.9494851948174325,0.521251569713738,0.6737009156703847,0.056095773938456994,0.9321641371431298
0,0.181714104503381,0.2991250248836297,0.36360201199545406,0.861603683093126,0.5913373718459098
0,0.5990139832859452,0.050586483350179456,0.8245335834557301,0.7367448572118555,0.3878696265158227
0,0.23562184420077004,0.6685204757181495,0.9140962289837558,0.7143158563498103,0.10563528465087224
0,0.0184729305952277,0.22447567173206684,0.3340919364456777,0.71899299674091,0.5263964052771628
0,0.1498161738614031,0.3610756518531152,0.9833878770971719,0.27904453391223527,0.449835362633053
1,0.6323256058675969,0.13952526871662552,0.8274362050225132,0.13737158499788438,0.6696195148398606
1,0.40204937439367994,0.12399105724857595,0.8302654083737054,0.8123183610697589,0.05642391743526254
0,0.08503494743103635,0.2331512832196756,0.2042836063878295,0.15423910112550154,0.829432757372777
0,0.8100203141987603,0.7912994160821051,0.7626486458118124,0.260319481047401,0.32532583387995484
0,0.2219063136639674,0.14951870625768449,0.2778602401105241,0.43642181331185126,0.39477511203191573
0,0.16722166606960776,0.5255364443388627,0.5311022129594731,0.2365589154471367,0.05263309329628241
1,0.9979904232555724,0.25927807387764,0.712315835633943,0.7619790522795512,0.472526682351328
1,0.08300647318036314,0.5276479663305804,0.8014175142178103,0.6244463402496363,0.4444877850893364
1,0.2940186969063837,0.3561303913824343,0.16930657809128458,0.11850392945867882,0.9713364368327584
1,0.0957638803285743,0.04225311063710957,0.7455037360012343,0.49312388790856554,0.9132793706428757
0,0.7604487222590921,0.006329212452904409,0.4998209386474374,0.24827446123504404,0.653960860988035
0,0.9345528277046273,0.5907836223454369,0.7955164716526815,0.3380858208152512,0.0647551199779417
0,0.641076538773156,0.12979997257567089,0.31667106959826385,0.6453192863760978,0.711419683115145
1,0.4045742309539476,0.6452421474428528,0.13584799896264432,0.5282724914397426,0.3032410414447363
0,0.4812504793947512,0.9322259649800639,0.7394975081988482,0.05861872318076744,0.45815329967632124
0,0.5929085256757195,0.1091626190685574,0.7385424400165297,0.4853973355196496,0.8274873393708002
0,0.43830224936169493,0.40501176646273807,0.37271501119432193,0.6290422291855199,0.7394024644048681
0,0.5096284266858474,0.41681145034384726,0.1278444221588937,0.10083825717386807,0.2651372085028272
0,0.23313084882371005,0.6392759462751172,0.16160916147091509,0.07382757575493015,0.3522916735815731
0,0.8284684159228796,0.9516925823362908,0.3881497866279192,0.5477725269465145,0.6812553343599219
1,0.7889953240833758,0.5782680720684311,0.27334286089798243,0.4408700421204875,0.4431169076337278
1,0.9262968726743781,0.19376649671749746,0.9816772121462117,0.5466867499068215,0.6923081621984888
1,0.7779118633904145,0.4611710981077126,0.04204522143582501,0.9764364192414536,0.009972205085416519
1,0.5911422110991492,0.3537380567363424,0.3341848249807067,0.4957612507982271,0.37993037896302184
1,0.3461782313611882,0.2525614207140413,0.12964143519066118,0.16734940150223754,0.733758517602679
1,0.9541033763945174,0.125081612529943,0.564850057689307,0.5409160425089169,0.6583459533792565
0,0.34355251319615,0.44506241262076673,0.8956707453556527,0.8554907198169021,0.23094019679134536
1,0.7446763136173739,0.04246573273813825,0.31115928827718553,0.20329940355859133,0.5854044317503798
1,0.04754854645542239,0.21027085025460523,0.2506082881845827,0.7631706665499466,0.4224029409656943
1,0.6719872550590287,0.5722170282421817,0.9116642431126414,0.8821152757359179,0.9813633243165784
0,0.6699703382408126,0.09421192789737431,0.5851520514182095,0.5972998736426204,0.07705562673123079
0,0.10133284280824617,0.7665260280762635,0.8870956273390604,0.9112330696921336,0.9038030503653312
0,0.8500158106018243,0.3097137282830261,0.9083516764843781,0.44883652012022124,0.45869965549202196
1,0.9495018075873718,0.2919610402416444,0.9272592733078197,0.4066493721052853,0.8772582937088107
0,0.40858557671757856,0.6097806378404312,0.35641861066996716,0.7433287534027865,0.5192694033662052
0,0.88283943146138,0.061240185263722435,0.3979031358266665,0.5926553518337945,0.9371617632602384
0,0.6129024683240096,0.8864927472624332,0.7844904169779905,0.40329625398394664,0.9994648599190561
1,0.0882320745269457,0.6612909651380147,0.1124367137362845,0.7605590623903462,0.23381883031866513
1,0.15041375704908833,0.43204518494445243,0.21494180152064235,0.22220257701214974,0.13863644548210596
0,0.21244364411510874,0.23784088373345746,0.8577423472386462,0.06864635932121421,0.8254325140476926
0,0.9883751165594209,0.7590590621170947,0.591113976999414,0.3658735640150119,0.8482265521305415
1,0.3840293339829187,0.9968035060489081,0.108683563850967,0.5792678812177886,0.5137749697592107
0,0.4566308210581481,0.44234404470821687,0.8920523701584847,0.2765236032457642,0.8274213627322231
1,0.6633611507779833,0.9439189856524463,0.33890236380542127,0.40651494085515083,0.11460325405955185
0,0.14031825443391255,0.8500844302285274,0.07170616703803467,0.07791152716824656,0.18514040862395986
1,0.5021572621951855,0.7174222375942721,0.9933379468763929,0.14052915256669785,0.13753895316717624
0,0.7604431294526073,0.15546313349378327,0.49569269228383306,0.6061633852990123,0.9918606256164996
0,0.09702142949334336,0.3308886760252231,0.7673108703168976,0.75143857691958,0.7600044095302035
0,0.8846410982139521,0.6550243484969692,0.045131870099828775,0.02528522222828522,0.4016460275020233
1,0.8846066462933839,0.4914875114984869,0.8126878943056671,0.10614329619251639,0.8361685613523817
1,0.004178255268633579,0.0329275347646758,0.6256807867982774,0.001687846472357979,0.8595587234172295
0,0.29045926853794934,0.38744824707764425,0.7028981699649537,0.17735395571355883,0.6276106601120851
1,0.369515616416882,0.048721384733368955,0.35723443906765406,0.6614408624283453,0.7879776185589534
0,0.7857830206723376,0.40435369244101693,0.7553064321116744,0.5227838956285846,0.964008429248169
0,0.6831089849209097,0.870966521007944,0.7728994114090862,0.9043561566751933,0.867534372880426
1,0.5413044994970536,0.4667613759714364,0.1689086281344676,0.5754067554805111,0.1497976366172865
1,0.2844913930003976,0.8647575947527969,0.5056718522402937,0.4954125244757833,0.35616648429779363
0,0.05593188011171768,0.1418870468954716,0.8404265081474445,0.03388818768955437,0.3300567728064524
1,0.35132789269178655,0.7928520996516593,0.6010194206427478,0.7973555301766148,0.4287578386221792
0,0.3621108159844746,0.8427927729737908,0.9467010200219386,0.11826281459935173,0.49200084490724694
0,0.45265727797762345,0.3245821270401077,0.5912580073510445,0.7308996750574276,0.8156466877201812
0,0.3395943512866588,0.7995756671846252,0.47790661564197945,0.2863774685447362,0.7877055117713788
0,0.6984986292136864,0.5252446086359907,0.6768243308294083,0.5196835882399236,0.9793971405144809
0,0.17085487069785954,0.2667344908722118,0.8376483517804274,0.5268355288231982,0.6495743350704879
0,0.5704819625735982,0.5619012060688258,0.5287167301078883,0.9162863736679944,0.584491714289799
0,0.4440599648193908,0.4525393798975226,0.940044345778454,0.23604373333589046,0.9184355910289858
0,0.8362949885196549,0.17587403544463098,0.883743198984342,0.9889674389546559,0.3103339252091253
0,0.43211283554857294,0.01591578110473857,0.24510903958265529,0.6682976157299918,0.39120653451378073
0,0.7862530328646257,0.20860136336797208,0.7752648944924748,0.42045429317285066,0.6646755836040552
0,0.7916873644335811,0.638362391602678,0.30159578912647467,0.6574988681386479,0.13847035857352696
1,0.5662007906088599,0.7942459126975946,0.9997394180422677,0.7445011442760343,0.32822267632287183
0,0.6183822778660224,0.4826440550774884,0.9215512399744343,0.9048860546797586,0.8892162470541982
1,0.7291593843871778,0.5163578558179255,0.6073593192197129,0.5672425833311314,0.8471645041280397
0,0.6687551354103926,0.07158006743039658,0.24756176648387407,0.08480435917582274,0.2404122702431465
1,0.21812334857499727,0.2908825009425269,0.7227323241172979,0.01430134130997096,0.6056635914678785
0,0.24186482320709046,0.35325987649969803,0.9527647971109436,0.3314416788426533,0.40033246551307144
1,0.9510306991579669,0.1616211891712227,0.8524774287124274,0.8591368822143521,0.608642444330821
0,0.2660941209510619,0.8137517248104865,0.39119383486029913,0.9865763537916536,0.43981526719633046
1,0.20159064272730076,0.6157761952138211,0.24288058302025695,0.7201261174200507,0.8460585548474369
0,0.05819841220300537,0.35673853712270953,0.37339957244366395,0.5835145706611041,0.5500024142492373
1,0.8631354143216156,0.9021966775396735,0.48380436727366716,0.799665263773769,0.08042205460470919
1,0.9610842762533659,0.11508050014799143,0.7529730484725441,0.8214613622542095,0.6091377555535018
0,0.8274379763413128,0.05613830350051485,0.4875382374929176,0.4133142808618473,0.7295913478938958
1,0.9226745947733515,0.6528864030429532,0.8509395682092915,0.05920961537843272,0.18044267991007668
0,0.5711877582333754,0.35416829946025563,0.6259793672686107,0.24803812734601116,0.630590604243218
1,0.48432109151302793,0.8976659886588738,0.0932752637418014,0.8499951659791571,0.8845342799890722
0,0.1087785027125977,0.052695034019189735,0.2959907808795872,0.8851875015192545,0.2541088097660581
1,0.33488808943075354,0.4659127695306374,0.8601912227301427,0.044958530762585935,0.6359636240847107
1,0.49393796152288727,0.6366299677130548,0.7457067654200265,0.5066072544548265,0.7341029003164584
0,0.13943625019954964,0.23863664308324772,0.9368440404030743,0.9785521956805154,0.8361355095566866
1,0.7988473779156043,0.7484867925677614,0.6959719787274913,0.16151575048517108,0.4897943418033299
1,0.2856001071566777,0.42095450257300093,0.713257952235902,0.2588256151215159,0.9279863274033973
