y,x0,x1,p00,p01,p02
1,0.8723437717341204,0.6385992938342623,-0.8604203227792295,0.8021768671128724,-0.5046030980733487
0,0.4578669251810372,0.421676076791657,-0.636470552879108,0.8837885877122243,-0.7435566463232754
0,0.7167524727183396,0.2996674784166362,-0.8400256599507041,0.6754249662968937,-0.6789748234418858
0,0.4674661944928597,0.4419207422313567,-0.632422510723985,0.8916105588652765,-0.7422500197702647
1,0.6478523917950071,0.0602843983548174,-0.8844117873014323,0.6434942211804466,-0.7209654025356693
1,0.4318729992773669,0.2206787742015981,-0.7071912083770868,0.806979343500169,-0.7432971442682889
1,0.5685853944838617,0.9537119171468932,-0.4293565198010027,1.4393786373033555,-0.7944550371742136
0,0.3012051065194584,0.2112571599653057,-0.6654791388066398,0.8507952751579383,-0.7447012679487799
1,0.5901561835955078,0.0986465880420995,-0.8330922817999177,0.6907779299122256,-0.728027665737507
1,0.2643240149481999,0.35402984418638,-0.5957645246800082,0.9132674330502321,-0.7534056686043328
0,0.1879959790729197,0.7826753990992928,-0.38224342594028105,1.254189132825338,-0.8126063365846684
0,0.8811906627133073,0.3285899952834357,-0.9910471491791125,0.5488178031899571,-0.5750364049473531
0,0.6309121910510347,0.4534001576301044,-0.71650665477051,0.8181327051094447,-0.6976786910674023
1,0.5221311309760934,0.2051917976961258,-0.7537024371440311,0.7597258871162957,-0.7352027909419729
0,0.927464189070685,0.8397173275660329,-0.8393463530500653,1.0252383770555427,-0.41637875709697014
0,0.3324401506539464,0.0960967993015425,-0.7223920965019259,0.8121756747753682,-0.7367108631262561
0,0.904217165553664,0.1762756192033632,-1.076243778147501,0.4543783505241781,-0.6055534747769487
1,0.0179768176256309,0.3880415113555339,-0.5182534550581614,0.9710540675730605,-0.739879409605584
0,0.1942817607964985,0.9184628096081152,-0.3023564106620488,1.4345515351013105,-0.8607721854769665
1,0.7900165960449076,0.3547375646312356,-0.8831331771447649,0.6462258303258965,-0.6321598475001022
0,0.7622141482955985,0.1898624825391135,-0.9215022469000234,0.5939635244864028,-0.6770234260269985
0,0.4754627208324989,0.4867455258061874,-0.6176452867870754,0.916611432239452,-0.741487803265671
1,0.6056840109438334,0.0977660665036571,-0.8426418602024991,0.6807675039338007,-0.725994143671149
0,0.6686836042621508,0.9154170813505152,-0.5226692982340113,1.3321882188769094,-0.7178683794916084
0,0.4516858797390546,0.3830194640998323,-0.6495326279280268,0.8655628956829382,-0.7439983855257232
0,0.0426049454884804,0.050726635856395,-0.6673638056409235,0.8655461630272369,-0.7013927997693203
1,0.3884781358805373,0.9306589770336976,-0.35838513389560156,1.4364989819836445,-0.843948808144282
0,0.7020251220375621,0.8289996798356114,-0.6002639033727862,1.1715062506297687,-0.6680593904400182
1,0.7824300530980297,0.5633361298653788,-0.7939232535739245,0.8018114852153996,-0.600646007047919
1,0.5555505486615632,0.1744663389442462,-0.7833052963589182,0.7320215819502459,-0.7312889014225131
1,0.9278508464118556,0.4679123930647962,-0.9979741353589291,0.5921388223888978,-0.4861578904375118
0,0.1525658860489621,0.7444022494264694,-0.39248741829564254,1.2156721923589007,-0.8033004386838252
0,0.992469120389516,0.2116670439098561,-1.1837072986951098,0.36814716683009513,-0.5219130702477752
1,0.3686567809180674,0.1246918501242538,-0.7227416904608588,0.805564018792065,-0.7399399923004525
1,0.4447020696546584,0.7822271851510798,-0.4704829834719443,1.206547038876739,-0.7799085872041561
0,0.7396965737628225,0.1123077946697995,-0.9325472808524154,0.5871407425586236,-0.6961851457850049
1,0.0909342960733388,0.4826304204107197,-0.4958526737072314,1.0122469639272562,-0.7579143285052603
0,0.9869506178838696,0.0492606881511601,-1.234314068996879,0.31506118635924724,-0.594776741428808
0,0.875922222464605,0.0613834980605415,-1.0861963317387036,0.44578808091839284,-0.6537941050763497
1,0.3778732132849868,0.0082087218463341,-0.7732916540831167,0.7801853694341839,-0.7299940296932833
1,0.6325850567585227,0.1804134657623999,-0.826407277335029,0.6869657394603923,-0.717564021013092
1,0.2657188967069004,0.5949658094998452,-0.494769134617313,1.0591745828868522,-0.7737071024281109
1,0.1275174655327864,0.5864810262520433,-0.4601640895816865,1.076703534568799,-0.7732320143374919
0,0.9731297105323404,0.0468105059901855,-1.2154039212951355,0.3314103833924748,-0.60481760024693
0,0.7817447043014856,0.195253933944918,-0.9371581914148889,0.5794181822258752,-0.6678569490648307
0,0.2967215465040412,0.157334569467971,-0.6862696424277076,0.8374279871891624,-0.7405180354812597
1,0.0989066228908676,0.4292153416407973,-0.5205233825351657,0.9815006390065633,-0.7525704352401408
1,0.629824154378935,0.6716777390049317,-0.624291736022222,1.005146682870523,-0.6944109443406041
1,0.5586846036656765,0.0771129549614574,-0.8241525619342787,0.7047206438453233,-0.7314377922122463
1,0.6117923704282469,0.9491494589686356,-0.45966410196641116,1.417008950830281,-0.7690488783628396
0,0.1584088136526924,0.3316999371266889,-0.5763610519367123,0.9267940839045732,-0.7475281534878679
0,0.82076037833788,0.102110905121954,-1.0112111445561602,0.5126503153234971,-0.6689820958849116
0,0.3342043861555811,0.5483006425179208,-0.5367686999438345,1.007002414695717,-0.7643465448860951
0,0.8601542115371971,0.7288880408132513,-0.8066716368438814,0.9207074407877583,-0.5085579438456812
1,0.3630238569019389,0.8346898418322958,-0.40903316129772505,1.2945773953469235,-0.8116199222347854
1,0.4754052916931236,0.1806020426830897,-0.7417594811539622,0.7752597922839431,-0.7395549328885771
1,0.9351894795335548,0.3940282497220909,-1.0353397179125996,0.5323197429001485,-0.504163810237727
0,0.4326600376486377,0.4200404870545066,-0.6265419665108615,0.8927951806765102,-0.7470993682280096
1,0.8363227853025659,0.368601626972707,-0.925015228893944,0.6140243638162463,-0.5981821871914847
1,0.4165422877792497,0.0722091187232719,-0.7614859566559347,0.7753519298776712,-0.7366569481576711
0,0.0032987826029046,0.1220274111968685,-0.6284313636596891,0.8829847240140102,-0.7052986637287877
1,0.9235675564156096,0.6614659120356233,-0.9166762794567331,0.7797049458870605,-0.43769274328676167
1,0.3604081636675764,0.1369063022001853,-0.7149340922868397,0.8114448356941206,-0.7406833498281009
1,0.4046707736063718,0.9589941076167288,-0.3447267678315699,1.4832604360913482,-0.8543533315447756
1,0.4907715360458711,0.7425534922582783,-0.511750490968444,1.1437231357498712,-0.7588061122792297
1,0.5177239267650342,0.8940977223106108,-0.4410158862485376,1.3489317742904676,-0.7907647686172403
1,0.4349423803549412,0.1109575198203929,-0.7529650064816471,0.775606380060036,-0.7389248228389221
0,0.285464214002647,0.8042360533331988,-0.3995852602077001,1.2674839990804723,-0.8126787318686265
1,0.6573211514459956,0.0689341295130897,-0.887356879402513,0.6387990215109379,-0.7190527080751269
0,0.3971558463920119,0.4809838600950368,-0.5875271892658724,0.9418718176223909,-0.7535375919599456
1,0.746145289525103,0.6182767689310402,-0.7376100436284754,0.8802119776755575,-0.6227260147815206
1,0.405597844857707,0.2424049840982556,-0.688133619677727,0.8248116572774452,-0.7453144571119215
1,0.2598695156068479,0.6407765526933895,-0.472563678284536,1.0987909020161066,-0.7801835944446526
1,0.3701219300799927,0.7775087144895277,-0.4430254643220177,1.2188221773983712,-0.7944215690331909
0,0.7575621882262639,0.3020082265401262,-0.8735870235789903,0.6451958947605031,-0.6599655634039999
0,0.4402144482936192,0.335990587914752,-0.6638070067056413,0.8477306500302327,-0.744808475902153
1,0.0850848547894771,0.5164666970059353,-0.47987469672738087,1.033804422767637,-0.7616368680365938
1,0.3815312754418908,0.8670828640825655,-0.39684241804552256,1.3374112105542408,-0.8192032987005564
0,0.1248503260520864,0.3255666241623107,-0.5705392909758732,0.930065589212732,-0.7444051840993572
0,0.062843301611132,0.1205058044471947,-0.6423417150640427,0.8767996586548954,-0.7145430911312964
1,0.3062517528231566,0.3689876809972473,-0.6022764780846686,0.9087769075902246,-0.7541017650966495
1,0.1549390816577855,0.3656140771036494,-0.5613143752534737,0.9418841207224051,-0.75031572483048
1,0.5029927369862159,0.2938497642206525,-0.708667686100993,0.8018315294376807,-0.7368984894533318
1,0.3938723748322197,0.0337346178050884,-0.7686443864213754,0.7778089188554833,-0.7331227890860672
0,0.6301966127296941,0.6367894745058957,-0.6399818628865289,0.9687027646353882,-0.6928627969161467
0,0.7445993164759511,0.2720578920159993,-0.8739738550153655,0.6415271589053099,-0.6710725308237779
0,0.8738562732826947,0.0496388789039575,-1.0883292891838836,0.4446665907720776,-0.6575933858585259
1,0.669165671865183,0.5550347531623716,-0.7018136267869818,0.8714840312783484,-0.6742984307471752
1,0.5091769709207302,0.7497946342654418,-0.5172071819875864,1.1462346660849836,-0.7542202113348617
1,0.5436487657259711,0.886224583575301,-0.4598944139603436,1.3284537377512389,-0.7772579562717101
0,0.2238051619449573,0.8479295935532486,-0.3557533761440225,1.3318076715859473,-0.831277571387635
0,0.13453909266627,0.8530831883610858,-0.32764645819717103,1.345643289910772,-0.8358839662696772
1,0.4198953335960195,0.2997894538572416,-0.6703216510831284,0.8404759894938558,-0.7460112254080173
0,0.4137830397616456,0.362932364708017,-0.6422718135115814,0.8705340991673757,-0.7479421375782975
1,0.026052772498992,0.4045235370291298,-0.5131840697918066,0.9780960098853366,-0.74276772796159
0,0.275509446989757,0.836029485839673,-0.3784763720255946,1.3100258918410264,-0.8234018133127327
1,0.7449761158565626,0.4833795530153759,-0.7914717839480654,0.7644103789934817,-0.6377532496786049
0,0.8630482656200003,0.0678829482538485,-1.0692178585540262,0.4609602032086236,-0.6581148993135177
1,0.2418692304297469,0.4247522537671522,-0.5600209164479866,0.9529118001069561,-0.7582197548458348
0,0.703108605846913,0.1287291288223417,-0.8967509611119495,0.6209104581271877,-0.704709606213126
1,0.5451588358617853,0.8233407706265967,-0.4975888729024263,1.231434401761851,-0.7569630084102521
0,0.8265592087702633,0.0405757813257066,-1.0409354541427602,0.4899090342887685,-0.6785195057323942
0,0.8787088760715439,0.9090145543271052,-0.7348598339820979,1.1913710849339054,-0.49863978244125623
0,0.0293635736603302,0.203508551092439,-0.5995094364017808,0.901209196417829,-0.7201222259761537
1,0.6460144536395995,0.9236263911483208,-0.5005949889841683,1.356711174945307,-0.7366200479432272
1,0.3080175906323315,0.6479540917342648,-0.484365784581226,1.0950754330696202,-0.7778593463521262
0,0.6621886066427669,0.5031050240641489,-0.7179591047969146,0.8343662685955461,-0.680901773529398
0,0.2855262523824269,0.0142022759773122,-0.7415865526015724,0.812905224991332,-0.7250449295963344
0,0.6617808587385458,0.6001571860006983,-0.6776281491010909,0.9159287257460345,-0.6765820865279268
0,0.717885581283384,0.9348648783767834,-0.5495355506063849,1.3450846877689855,-0.6869776082864789
1,0.3860354148977714,0.1385403381211757,-0.7232156749653649,0.8022758458616972,-0.7409629669312898
0,0.3468681934366796,0.6615597470999752,-0.4912593065069082,1.0985702998089981,-0.7757123568325006
0,0.3862207927109998,0.4784464908509848,-0.5844703243581675,0.9438969006023664,-0.7546593396801089
0,0.3235997590065073,0.0730174918599575,-0.7290246360275403,0.8106190410595148,-0.7341576590135178
1,0.9161290016428753,0.3637370949429186,-1.0212938927160427,0.5335319731416591,-0.5335698120758754
0,0.1589207493730337,0.0546493476449454,-0.692011963866695,0.8497007292636877,-0.7181857864613632
1,0.9084212878012884,0.369628987977475,-1.0092015907017522,0.5450895249610342,-0.5387231805558381
0,0.2688561013542282,0.150430058401925,-0.6809692544223368,0.8437441483335972,-0.7386183403766272
0,0.9592551493111136,0.2654062708235345,-1.1158248909490134,0.4326316462009807,-0.5301424224918346
1,0.2142990764310448,0.5571501055601729,-0.4963005718684686,1.0408674683302894,-0.7705943729669887
0,0.5251823960977801,0.6292183536525631,-0.5814798716975691,1.0101933319596652,-0.7344486226662096
1,0.529105133987944,0.973773982018988,-0.3923044439979164,1.487952123583843,-0.822749246930713
0,0.8998624533113347,0.1097459596815451,-1.095992338090916,0.4352094073516182,-0.6284149631367744
1,0.6977989111280182,0.5857203027582338,-0.7108110810520231,0.88086368191342,-0.6567478039338202
0,0.519808195213618,0.589074070839942,-0.5961146249182161,0.9761740426105612,-0.7338143313006735
1,0.500435636982984,0.0102358058815642,-0.8219327503317893,0.7242434912170226,-0.7320390709770692
1,0.6687638826084195,0.3477440093688664,-0.7846064327513748,0.7327582857221946,-0.6922766953566439
1,0.0598193332967746,0.4183368945610458,-0.515516344813475,0.981091898077002,-0.7479614564248575
0,0.1393647814608917,0.8641044130623614,-0.3222443273246716,1.3599406477492337,-0.8398904923222197
0,0.9298380252486788,0.7412546803707237,-0.8907674533515139,0.8739421813229958,-0.41631143333815335
0,0.1593310391163539,0.139435849210439,-0.6568392741507817,0.8663909934861335,-0.7288613172730749
1,0.7906395686208159,0.4028946740406983,-0.865089669690643,0.6742155743700083,-0.6220900919554084
0,0.4807591021844579,0.5180182452771541,-0.6071380255319817,0.9361389288402897,-0.7411422317955144
0,0.631191572955785,0.3448306565609209,-0.7600199936173434,0.7552376482463516,-0.7056534182581219
1,0.6440087431936294,0.9225440968879904,-0.49987642478514005,1.3555539653101631,-0.737494931530586
0,0.7772856225479692,0.6700706255285762,-0.7442129979695253,0.9134659611608584,-0.5950976533292492
0,0.3627405833288964,0.3532370243080528,-0.6274072812031563,0.8841233396659774,-0.7513363608976513
0,0.2375467681411097,0.7475174313109474,-0.41482668790747595,1.2080261580702647,-0.8015660932407996
0,0.6863311948692948,0.7342636368370927,-0.636095559671135,1.0480126650296642,-0.6656099067739352
0,0.3712410007861232,0.4196518967169255,-0.6032314269648077,0.914367683655909,-0.7534399360537256
0,0.079141671250969,0.9908932968944992,-0.21740632856857484,1.5499084011980235,-0.8991699412932801
0,0.3636638247220778,0.4512443236579817,-0.5875414697530086,0.9346153308004441,-0.7554807372199798
1,0.5470152887206146,0.2662796776158657,-0.741854164941466,0.768471883288835,-0.7304240578346853
0,0.2282436788333994,0.3077561533297276,-0.6046841483535293,0.9028970276514211,-0.7492953971340623
0,0.175969785976769,0.6956549341009961,-0.42294231263161325,1.1633850215891859,-0.7923275000932574
0,0.895139400759927,0.966716857661817,-0.7184910472809579,1.2939383462363028,-0.4917965396096401
1,0.113397962590478,0.3609601448723547,-0.5528628530751898,0.946691557348708,-0.74684071306466
1,0.2553183027050542,0.5650800584501733,-0.5046802705111892,1.0383967019701152,-0.7706544881464108
0,0.2618506863161292,0.8515326887611653,-0.3650872595625764,1.3326340406523602,-0.8298567540458293
1,0.7260496120709737,0.3672284845157445,-0.8210902482436524,0.7032762675842279,-0.6650371851414328
0,0.6797139528678252,0.1339835615474406,-0.8772223860377037,0.6399246977332844,-0.7101567728178547
0,0.3888090407695256,0.5768182424524978,-0.5440312114451786,1.0130972293430058,-0.7606364167366549
1,0.0036464767455395,0.3724511440636544,-0.5214519695515392,0.9652985212867349,-0.7362150814235279
1,0.586307446021961,0.3298790952261593,-0.7382176370142818,0.7743695206261016,-0.7194590578416705
0,0.3667831355545968,0.637632057614708,-0.5092062352156428,1.0712103776982673,-0.7699257417434238
1,0.989940605810374,0.3450154114078709,-1.1319915430730512,0.4398878565788394,-0.4646845840194939
1,0.8201418608933628,0.4135082811320305,-0.8906472122150285,0.6561304243665343,-0.5993707518851364
1,0.0150192462037769,0.5067917215864344,-0.46663688015263466,1.0357086538741267,-0.7544241545015158
0,0.6799836143028256,0.6700095096229886,-0.660814631537252,0.9761280349748545,-0.6662138460172042
0,0.8206950191444626,0.2591179765344719,-0.9505326716780618,0.571409027485023,-0.6348364989629907
0,0.300850158564142,0.0545022392365054,-0.7296381834639806,0.8146052386100451,-0.730948262218763
0,0.305363231581102,0.0390254879635988,-0.73730553796265,0.8106026178517459,-0.7294898855665014
1,0.3299367704694311,0.6404360899239413,-0.4950424317107862,1.0831542654160335,-0.7747009786263857
1,0.4955950577570824,0.2385214666014917,-0.7275065216707824,0.7842746924714861,-0.7381771633945216
0,0.9324395531703148,0.6920707356447041,-0.9160271243783058,0.8074596039489559,-0.4197645882558246
1,0.5983141509120293,0.7146987192369677,-0.5841370081840702,1.0687218675859782,-0.7133831068895015
0,0.439608415912959,0.3723810267450488,-0.6487909007918248,0.8651006417378733,-0.7453844823543662
1,0.3160686240284215,0.6516702578529939,-0.48531359655017786,1.096648106739045,-0.7776528108783209
0,0.0825774800632936,0.069025872223047,-0.6684627826286641,0.8641778648131667,-0.7102742058602471
1,0.4461993721992948,0.9898533195790412,-0.33912908125639896,1.5345767239746613,-0.8607029900942591
0,0.2734589965748516,0.1762358320963224,-0.6716633502701859,0.8489880662338943,-0.7410710191030927
1,0.3051828022611303,0.4869062380207483,-0.5531545568708697,0.9731142098039706,-0.7614760866115381
1,0.7967568163711682,0.4050921581632781,-0.8702150105317618,0.6705494507067508,-0.6175953524844844
0,0.9331642695487624,0.9690374793937442,-0.7695340166954818,1.2660650195282506,-0.43093802157372985
1,0.1673737166518465,0.5519676966449165,-0.4857400792572316,1.0455072416854647,-0.7696768923325623
1,0.8939239216855813,0.6519799831715846,-0.8815894971847321,0.7973006376668446,-0.4771690624580677
1,0.6065361352709359,0.0041630868144568,-0.8806462241330516,0.6602228819105609,-0.7266812174244633
0,0.8345125370726175,0.2409071528539997,-0.9719328504812579,0.5506274106269693,-0.6311230218136971
0,0.7646920678674658,0.2537872801937757,-0.8987511223537277,0.6173653995765591,-0.6650179394318961
0,0.8333977029367624,0.0639370724040352,-1.038921498324892,0.4894714960901809,-0.671467408753192
0,0.4020735472772551,0.4187825601626662,-0.6149796360548253,0.9033680262722044,-0.7506165152884838
0,0.6056814451383692,0.3830990038958068,-0.7285739427928212,0.7904887204595396,-0.7109567111179502
0,0.195767504509893,0.0055913523013578,-0.7211919355916745,0.8348189455924067,-0.7153307371767037
1,0.8629870479673062,0.3896580364368166,-0.9466682069195842,0.6022185669479381,-0.5720853094311393
1,0.2717512472025867,0.5824148761979643,-0.502089182091252,1.0479986073724818,-0.7719316834241792
0,0.4168595045133811,0.6446436982645878,-0.5251995156873517,1.0633038062839884,-0.7627238706908711
0,0.1525810341282193,0.7244513772721102,-0.40252624206963,1.1949302062699863,-0.798616282967249
1,0.2471295771264605,0.5846700068913082,-0.49374709472847994,1.054956445421548,-0.7731969951067938
1,0.9205862383320258,0.5047286688092502,-0.9743919455624607,0.628831272206964,-0.48241022953934615
0,0.1190834457881477,0.8817402427078116,-0.3057769416204196,1.384852961045671,-0.8468325853140861
0,0.6686256074005975,0.9672239364887844,-0.48714028298434064,1.430757709822879,-0.740529660255364
0,0.59844069626203,0.6387382890289671,-0.618718005482807,0.9866712667284964,-0.7076445410327526
0,0.3043349597832571,0.7526742921784154,-0.43295357802808254,1.2026683027865464,-0.7974633861728545
1,0.6852177302901533,0.3381851310073253,-0.8004263999294701,0.7167642159393153,-0.6869459404158612
1,0.5280139359342017,0.1786038772502576,-0.7673534353113557,0.748323912321016,-0.7346701052398724
0,0.0247895095206904,0.7711923208016621,-0.3452508708884035,1.2550807769239156,-0.8073319741457492
1,0.8033444134865204,0.4242137424153624,-0.869352890611386,0.6774173737475551,-0.6091490450067961
1,0.409949363232551,0.8775433233011498,-0.4016634794390111,1.347836171709782,-0.8170603179157727
0,0.7768487603869013,0.8772492548695431,-0.639973945632694,1.2068019726264092,-0.6132681216969358
0,0.9343705986099964,0.747613551382371,-0.8942372976143836,0.8782394400501738,-0.40896030947256357
0,0.8277916895646906,0.0165315348259823,-1.0515082596710328,0.48275672207165804,-0.6824175440673204
0,0.327714142999866,0.9380209115554798,-0.33076216455931196,1.4561434424428235,-0.8580098456430655
0,0.8586004504417394,0.7150550688570412,-0.8111005381776482,0.9041504235562332,-0.5112165803820151
0,0.7542889499186982,0.9904846595753832,-0.5428188347529307,1.4389761022515293,-0.6787747156602176
1,0.3609717757004709,0.1038356280234893,-0.7286169199642015,0.8037652958611645,-0.7382463164706432
1,0.8616324152306114,0.621109382000109,-0.8548865037855533,0.793032759413818,-0.5192191075084494
1,0.0484504252563892,0.5392528434430104,-0.46083635491469216,1.0530846349722653,-0.7619911243211722
0,0.6259529986171687,0.3929058026409499,-0.737463997002037,0.7841048813701847,-0.7037060109900898
1,0.4002786035948296,0.0796152734239512,-0.7523703796085464,0.7835927144244288,-0.7370642324474993
0,0.9006035512691317,0.0200931725516511,-1.1308052477869974,0.4081115489612643,-0.6528886154561379
0,0.8698812176906922,0.3187274917862661,-0.9814847566252448,0.5545750414138791,-0.5867033816866637
1,0.4749896094933868,0.2131638745551171,-0.7283978804700584,0.7854839807999401,-0.7400824737029303
0,0.7511675860129647,0.2399555589857085,-0.8922017386470483,0.6225086208380867,-0.6734060611518141
0,0.5206024074138725,0.4016003830587905,-0.6738240355820403,0.8450783262328783,-0.7321807830119382
0,0.3057630350981927,0.7906057068608275,-0.4135829945736205,1.247296556075442,-0.8067610256164999
0,0.2868388614916706,0.8683363496652161,-0.36282034631236487,1.3531958441988727,-0.8335551307284742
1,0.6539769786740335,0.7612541796799445,-0.5988122981464487,1.0999197934176255,-0.6892191616579817
1,0.8248621778812742,0.5964140476895282,-0.8236994887554835,0.7992863347373932,-0.5597870719873642
1,0.6167038900500094,0.9451965072674252,-0.46568710384119694,1.4078257236005418,-0.7643139680489603
0,0.7545135271504675,0.0456573769867795,-0.9713666327494767,0.5569526566335288,-0.7000486404479569
0,0.8842465352313134,0.8882515376838881,-0.7543644646403845,1.1482437415480176,-0.48635891556172517
1,0.4346902624998993,0.0921312967831612,-0.76050039558414,0.7715600877480486,-0.7378875871451698
0,0.522027029138006,0.4981078184715489,-0.6352881294659248,0.9044747179757759,-0.7311148312059351
0,0.1422955257028693,0.1915435030069748,-0.6309389903553477,0.882491308862976,-0.7328322537013346
0,0.9725794862713656,0.8043581404609865,-0.923999394664649,0.9229101357467564,-0.3428488200729492
0,0.7547527262635757,0.089266243673387,-0.9544210698168454,0.5680555568690577,-0.6945954089053247
0,0.1581551663563114,0.1883705805726765,-0.6361322262861888,0.8787810154608102,-0.7340521793074327
0,0.2949642740525513,0.6829886637730246,-0.4639634602595373,1.1309306531193264,-0.7844972817006027
0,0.752731814666688,0.8032090674899299,-0.6579563467913778,1.1030877248662527,-0.6219340708579918
0,0.826928296515319,0.9216885256390702,-0.6653200137489457,1.2546139601869346,-0.5700663359867402
0,0.1813056221046802,0.3291600004669334,-0.5832944419241031,0.9214235427504956,-0.7487418975650464
0,0.8199516023747454,0.9203980599656534,-0.6584069886434306,1.2569832732204942,-0.5780524105252599
0,0.3713251681235382,0.3578892036517815,-0.6285308455112176,0.883368935038178,-0.7510334777514902
1,0.6539147125604508,0.0395677322742196,-0.8967513877250621,0.6345937477101098,-0.7208122789249067
1,0.8275877460328579,0.6324124048528246,-0.8117745438746596,0.8337216368077187,-0.5522802172136003
0,0.702489180864246,0.0145791812201517,-0.9415352184666541,0.5927703673485041,-0.7141482014472486
1,0.7087561728467789,0.5272041261632968,-0.743534297110964,0.8234697904343863,-0.6545353125072338
0,0.3456783762379262,0.6142935364511486,-0.512104454329388,1.0562397760290965,-0.7697543861199809
1,0.010356191238632,0.635793181963634,-0.40811808695617574,1.1284847244280916,-0.7748057333638522
0,0.2542142443097673,0.8775025497894726,-0.34686314810616253,1.369830851199656,-0.8400255455477997
0,0.7852223608126405,0.2895826275660488,-0.9037770803450936,0.6165494407553582,-0.6480318523190709
1,0.578071308312101,0.8639551985646508,-0.4932898945148908,1.281182804676115,-0.7538768297735606
0,0.7389536738226471,0.7594376332368857,-0.6675752728391491,1.049760500497677,-0.6288239503090801
0,0.4751141301241058,0.3787011435951789,-0.6615147389024221,0.8535223895032367,-0.7406108149146977
1,0.6054089610528333,0.8270867736680713,-0.531377580747824,1.2141820677833732,-0.7295062370839064
1,0.9150213903561067,0.5886198876388182,-0.9346297555796951,0.7102411455132839,-0.4651806743974193
0,0.0593556247174494,0.9737616729240672,-0.2256934634868476,1.521555251225956,-0.8893166278842212
1,0.102349633351424,0.4620394102842374,-0.5074754976199898,0.998788813685891,-0.7563714551141438
0,0.2675066827614094,0.0749183969868776,-0.7116305056833336,0.8280773053638724,-0.7309776622791341
0,0.8561807236148302,0.7518098829424709,-0.79135778705466,0.9547743793397369,-0.5123861284179473
1,0.5193511178045419,0.700782295077157,-0.5460524495330397,1.085665867781643,-0.7432708285282366
1,0.6835371056827084,0.595396431766954,-0.6957346644772838,0.8986145811080305,-0.6646785541754181
1,0.4443849274014047,0.2319622968704575,-0.7077006647902577,0.8053801192968616,-0.7427770255574159
0,0.055571252221978,0.1478263180340012,-0.6291341496656377,0.8838569170615811,-0.7170480512647914
1,0.8582898321482884,0.3973686240585949,-0.9383682570964947,0.6114871821969833,-0.573823485217246
1,0.52228041146685,0.8840042629111055,-0.4497237499276307,1.3312136533243195,-0.785212616527467
0,0.9911918993317164,0.2966290581498141,-1.1512538678212958,0.4111100508638487,-0.4850647768892991
0,0.3261336914890709,0.7488418066703422,-0.4421727598741562,1.1941195092429655,-0.7941168293669656
0,0.4721788301198015,0.6530229565729793,-0.5451596360388149,1.0531967461908636,-0.7515339507636913
0,0.06476011960957,0.0057012275829319,-0.6910956144139951,0.8562412174256545,-0.6977123122628925
1,0.4317835249996608,0.1654483333048506,-0.7295826237706423,0.7905983209942666,-0.7414850723008449
1,0.4678735049783419,0.0007918947813747,-0.8111749284938765,0.7393471976494896,-0.7315564294246348
0,0.9980465048671664,0.8246980505172731,-0.9546350209572235,0.9278561773674491,-0.2958223692964048
0,0.6413476983120628,0.4981770406525969,-0.7054330476666687,0.8431470464950088,-0.690630633920963
1,0.4483922169700099,0.8870580613427109,-0.41208309334168014,1.354699082387932,-0.8109523211172364
0,0.3731039421983441,0.520215575282893,-0.5622484137639656,0.9757361528381635,-0.7584406493643566
0,0.4186834310793268,0.5808190002902919,-0.5539412137704265,1.0068707987665644,-0.7563379424964827
0,0.9074886827577576,0.0315212111368994,-1.1348189127144264,0.40353565168124433,-0.6465733759814348
0,0.6968096575957888,0.2604858793892556,-0.8398346853139311,0.6725270283869437,-0.6918528099941308
1,0.969353543303454,0.3719023710722661,-1.0915659664012896,0.4803344580832626,-0.47621753743192985
1,0.6632395761852848,0.8545712015294938,-0.5557470152080322,1.2311232596045076,-0.7019342151556709
1,0.7112599355651291,0.3646715403732203,-0.810085018377957,0.7125711405696359,-0.6724404445007283
0,0.2804882408884687,0.0503752736560126,-0.7253698814463154,0.8200455541830288,-0.7291077929063594
1,0.4359827222533782,0.9285604534638316,-0.3794388776475681,1.4252415776823588,-0.8317730043812648
0,0.422350915551593,0.6164913515612345,-0.5399277037662653,1.0359387093950647,-0.758746028303573
0,0.859814599898305,0.9431788583135022,-0.6896628019181134,1.2729772970618407,-0.5346372126390813
1,0.050476418741694,0.5700580218856006,-0.44782747507179754,1.0741841583671514,-0.7666600765767109
1,0.4585796749050796,0.3331450205063279,-0.6726937679161445,0.8388125555722267,-0.7427038977408735
1,0.5635272309285447,0.0234236067251829,-0.8483419693713098,0.6908966169981089,-0.730164655341617
1,0.7016001003091248,0.5256327782531262,-0.7384689859446752,0.8269243467316022,-0.6587672128390275
0,0.4408832337010985,0.4694469073256471,-0.60971121273895,0.918944214450148,-0.7471422209227603
0,0.0664956552933624,0.8453265186846537,-0.31435772933451617,1.3392395657319849,-0.8325101170756863
1,0.6255696092972474,0.170448045561647,-0.825880436704091,0.6883584080089,-0.7196367239882896
0,0.0188764062347829,0.7207572664237988,-0.3696637434653122,1.2037900664768157,-0.7937093789067245
1,0.3598744630200033,0.926352133643829,-0.35043688637982645,1.4332167807747587,-0.8474150071578953
0,0.8681210219575126,0.0227952107652752,-1.0921407315181164,0.4435694770618371,-0.6662575338949529
0,0.8525100047807336,0.8259054642408528,-0.7501605167027109,1.0675729230706223,-0.5195567178670742
0,0.3747311235297902,0.3824000964905815,-0.619734594289606,0.8939221253033914,-0.7517192086495897
1,0.3539206416987186,0.2198362961256255,-0.6788615438895813,0.8364544624950105,-0.7456912178099503
1,0.4614036642763294,0.1442013598014059,-0.7504200921161442,0.77175825829646,-0.7394647783143374
0,0.9879542902901792,0.1760585312648011,-1.1898031994401705,0.3585327347166434,-0.5416014134253695
1,0.1392284061371848,0.4252515151532562,-0.5323204156686554,0.9732694161349181,-0.7549126401776304
0,0.871147333677667,0.8607198272074857,-0.753698987892712,1.1102915912886937,-0.4998019145642067
1,0.470062215069137,0.0472833733708297,-0.7933627281319231,0.7461712987779192,-0.7347627511285796
0,0.2107300925655855,0.0390340923306516,-0.7112012833109906,0.8363884407151551,-0.721667234531922
0,0.6628635907168682,0.6052860512394059,-0.6762367444382448,0.9201173563170056,-0.6759103622551599
0,0.7020635536267773,0.1783954471945419,-0.8762887441020851,0.6374905352732602,-0.6997394044456624
1,0.9242952041282724,0.372451214339996,-1.0287384187059017,0.5302657055368184,-0.5227748136033257
0,0.2627053097357545,0.0608364575835254,-0.716064122606773,0.8268823289458265,-0.7290135727756913
0,0.3025123246517414,0.887780435127531,-0.3557966359209633,1.3797313171632943,-0.8392828585510976
0,0.4075910218117617,0.337382692832282,-0.6502716000873315,0.8611151894177931,-0.7478614430666829
1,0.9284592097962469,0.5731992312962919,-0.9587444812273244,0.6817525014817654,-0.4527949646865804
0,0.7756934211711582,0.8840628360980272,-0.6347930367895319,1.2194189123546726,-0.6161847449142
1,0.5633255170422616,0.9368154695639904,-0.43807205128515675,1.409693598816027,-0.7890178269597619
0,0.7835049893645517,0.822735032459825,-0.6771205660107781,1.1128551316551727,-0.5958344912493239
0,0.0747072880575102,0.2680877093887757,-0.58264062584389,0.9161221605044786,-0.7335329499786309
0,0.741907429031279,0.9637220026161292,-0.550895444842505,1.3895808473778304,-0.677743525176711
1,0.1231383608135999,0.5784810309872365,-0.4625623262963586,1.0713426242400859,-0.7719296575587924
1,0.2381739268609468,0.5581496869232844,-0.5026594095159851,1.0368842729915992,-0.7703619358918272
0,0.8695757678893671,0.0012802332998578,-1.1020092244348356,0.4367634059428497,-0.6704166076982964
1,0.5603001205511233,0.8699772931348216,-0.47923284089490736,1.296904502427099,-0.764225184978111
1,0.572080919611327,0.943625999968302,-0.4385446822012041,1.4195427698573593,-0.7878948078274128
1,0.5798018520572946,0.9593407231422418,-0.43208768581199164,1.4467222331048166,-0.7915867668033778
0,0.4409883864686096,0.5241805084065431,-0.5870857245451743,0.9557943896270213,-0.7490909989130444
0,0.8117262608784493,0.0105013660186592,-1.0377845972088935,0.49685549764648035,-0.6885685439090953
1,0.2472795159265226,0.6653303869162299,-0.4575350470829247,1.1233620827839055,-0.7846926513017041
0,0.0417758054059749,0.8824464394947544,-0.2850977446021611,1.388215209294348,-0.8459677499075278
1,0.4525501304838698,0.2267462953410915,-0.7132163876500683,0.8000863927813269,-0.7420850237285014
1,0.6453104318133017,0.759789242254475,-0.5933890745231221,1.1023108922168636,-0.6941895749410919
0,0.0885289956411208,0.6903963909173115,-0.40232635192813065,1.1687917545387694,-0.790142286756255
0,0.1046129308812635,0.0872916445411892,-0.6657699886518353,0.8645454907188054,-0.715891085950112
0,0.3088265643643102,0.7903385720143226,-0.4147394862536536,1.2464469222777743,-0.8063428321493041
0,0.7179262045706979,0.970810919681452,-0.5245262657990626,1.4160875690757295,-0.7028553556542142
1,0.7115271414731779,0.6546532633844135,-0.692456729081394,0.9405847474863163,-0.6457701148445392
0,0.2512065339350889,0.1919471846504804,-0.6588865428802849,0.8591804618453222,-0.741282238833137
0,0.5821882641466744,0.4491337880879982,-0.6879741499459769,0.8424599785194345,-0.7148889651537957
0,0.8211284753452613,0.6997572770420483,-0.7757617029301607,0.9155072813685438,-0.5527059116974051
0,0.7043091712828322,0.848087235180459,-0.5915054514662368,1.200232502564389,-0.670575268565176
0,0.0684059968629884,0.8855880620485865,-0.28998193971473324,1.3918117971300088,-0.8479147675653945
1,0.5447156227100295,0.0489219940784726,-0.8281169053267685,0.7068722324627136,-0.732001772445882
1,0.6133818186921467,0.085104124666436,-0.8524026924604711,0.6726923187274226,-0.7252380032188623
1,0.2060492166299015,0.5572446495089831,-0.49395980768672226,1.0424849330743549,-0.7706464443851078
1,0.3646081520938768,0.6898988664263996,-0.4844204527527268,1.1220353350871202,-0.7776619712600671
0,0.1027512255366598,0.1138387157099701,-0.6542049923921197,0.8701477285889394,-0.7191657860975935
0,0.874304086636941,0.2816421828912999,-1.0006471549101472,0.5312579514629164,-0.5942176780459805
0,0.873442093532398,0.9656056058863371,-0.6912705228902799,1.3088670392426769,-0.5235867540642234
0,0.2269872991663629,0.820339964471634,-0.3726916438819479,1.2955086850457789,-0.8219908341642029
0,0.3745070406807788,0.4766323620320287,-0.5809259640151744,0.9465458778237582,-0.7557786378706914
0,0.5422794404747763,0.3370846845790141,-0.7109201807298534,0.8014556520198429,-0.7291972174380381
0,0.9757998624562134,0.2976354845047074,-1.1279106103787901,0.42994141580802575,-0.5006881273231849
0,0.270319274394215,0.7679154245969882,-0.41425436860045745,1.2260009400519734,-0.8042776792684985
1,0.5208152282817057,0.7105368734575374,-0.5422028621067694,1.095994040634333,-0.7440704157233111
0,0.3570513456735866,0.3719489314683304,-0.617780887458143,0.8947137822091213,-0.752399156994068
0,0.1230985000423193,0.2623688559609222,-0.5966124630424554,0.9071527260787697,-0.738143330253431
0,0.836361579784272,0.8041476138657773,-0.7428672680008537,1.0462775658268595,-0.5369813282019842
0,0.7637827252205946,0.8520262963192177,-0.6418719942468973,1.1724164178042757,-0.6202581499151861
0,0.8799782854871155,0.0926151775594268,-1.0789515903008837,0.4508222795291802,-0.6438769869375515
1,0.9985461646109408,0.3476887881611075,-1.1442737085093837,0.4311515575133022,-0.4535427453322633
0,0.8913944750783727,0.7506668738045195,-0.8350742408044942,0.9228871967920173,-0.46860569311769185
0,0.0897176342799399,0.0646742998471766,-0.6718864169413863,0.8624670128667647,-0.7106668815485832
0,0.2429161320499849,0.2659820687402703,-0.6260064714223039,0.8841503051399453,-0.746753839659843
0,0.2028823491706106,0.9446200829518386,-0.28652279436265904,1.474923981981232,-0.8727032616519301
0,0.364827058651781,0.5629743678390393,-0.5411520647009913,1.00940876285074,-0.7625264180302413
0,0.3858772728921753,0.5192675799042227,-0.5673424493870285,0.9710831618401928,-0.7569115190680017
0,0.3192087485369328,0.8713568862160685,-0.3716986182007919,1.35343289663247,-0.830858744930916
0,0.6217197779402165,0.4106712068696764,-0.7276404714102784,0.796876942038879,-0.7039126377330904
0,0.4786707758197571,0.5241754588277708,-0.6036192684967948,0.9414369800962746,-0.7417733037856771
0,0.2755127548987394,0.2573553057777028,-0.6388597596975842,0.872756734514091,-0.7472186881531115
1,0.767783509360931,0.6124806874055935,-0.7597859031505965,0.8591650913073087,-0.6067356429680839
1,0.8444330113734554,0.604262045853193,-0.8420071366413525,0.7906864229583191,-0.5397367718072842
1,0.3958307227645402,0.94549410641467,-0.35090373866423574,1.4607501189984957,-0.8494946322627118
0,0.3256017854139253,0.6993510410412277,-0.46628293468792803,1.1408047974697346,-0.7843106730699495
1,0.2558793325671398,0.6070241847806643,-0.4864976575670711,1.0709506875443662,-0.7756726625099901
1,0.4472592495596853,0.7693274946366477,-0.47830217538998726,1.1896126054785452,-0.7763193388504874
0,0.0594907798489467,0.1275088890320708,-0.6386248669208282,0.8787291275099427,-0.7149814081295436
0,0.1737481832905467,0.2013041233323302,-0.6346064524159436,0.8793491431472055,-0.7367633081679001
0,0.8225837546386122,0.2847196922836288,-0.9426398746796681,0.5816395278636726,-0.6277364862340539
0,0.7898238122630373,0.0238600406239244,-1.011601373433658,0.5204414766142584,-0.6930975306084985
1,0.7612628258534854,0.3888738978529298,-0.843052743652952,0.689136839281537,-0.6427859127729778
1,0.5921783113392847,0.0521077171271082,-0.8529385826758883,0.6788802307274658,-0.7281894988293497
1,0.8349418412939316,0.6354705816585208,-0.8185406224200255,0.8309418610128196,-0.5446564700757093
1,0.2550156573675119,0.5991981574487658,-0.48969888532527206,1.064793906510139,-0.7747040112588671
0,0.0231237484856026,0.1146300201139866,-0.635980726495705,0.8796726194656129,-0.7075939108541387
1,0.1950079093828777,0.4263947096404537,-0.5463932009981874,0.9637699564250906,-0.7575122469956783
0,0.4051481669242155,0.3657374949551464,-0.6377978839556032,0.8750885893718815,-0.7487953645000206
0,0.1554164187284795,0.8909410176653022,-0.30971648862124923,1.396056433031952,-0.8501602126484679
0,0.6998195245644482,0.83203765284765,-0.596804188036215,1.1773709257369223,-0.670372153728673
1,0.092498067087962,0.6259180151531487,-0.4334565865752207,1.1121062348906625,-0.7780822589820598
1,0.0863643800050888,0.3865341445232657,-0.5354587619051979,0.9621903481126344,-0.7470482050310775
0,0.884030719275142,0.1324961125929176,-1.0685094095805296,0.45963249876121665,-0.6309202796513501
0,0.012688926319223,0.1192717965008043,-0.6316897962915919,0.8816021291599373,-0.7065100884077657
0,0.204363976117472,0.0863787116856423,-0.6900540560324748,0.8460605518079528,-0.7270816702172596
1,0.0308098023021377,0.6644027598935768,-0.3999646468082414,1.1508596714280481,-0.7819027738943758
0,0.8706131235714776,0.2605139959493753,-1.0043626756686959,0.5248044297371757,-0.6029397533559434
1,0.751656788510679,0.3659065607789398,-0.8434525020117108,0.6832538993939867,-0.6520666920715529
0,0.7390632803249583,0.0215910091447427,-0.9677926016468628,0.5644861024815033,-0.7063133609133676
1,0.068640043596292,0.3638111415468623,-0.5407482812703098,0.9542193117863336,-0.742939134332992
1,0.5481868452987235,0.0767386666160909,-0.8187335435482767,0.71072625725915,-0.7323095144025853
1,0.2701303810874964,0.4912220222173593,-0.5405287086053111,0.9845940414063672,-0.7631393051285847
0,0.7306963982035444,0.7319518041897041,-0.6735510678903248,1.0189166348112433,-0.633474342086098
1,0.4807353205325428,0.3183970955123293,-0.68843074710116,0.8225866367306561,-0.7398486676364432
1,0.9678401466290034,0.4832852511016796,-1.0486666961495157,0.5609372776215702,-0.433340094020871
0,0.4190059638633245,0.4232170713596479,-0.6197518240251204,0.8996900875593475,-0.7488725615310425
1,0.4029581161791854,0.6813508533233303,-0.5028999276827195,1.103191133099312,-0.7700715957073524
0,0.6385078320671892,0.5653398519362302,-0.6759628142229398,0.8980376183854074,-0.6890113075472546
0,0.6583012031444941,0.6444500727774902,-0.6560969888996668,0.9612867929741699,-0.6783516626672808
1,0.1784828793390733,0.6392727510533137,-0.4500028811105464,1.1116757011844167,-0.7821143442050059
0,0.7349157116980558,0.2040585105460108,-0.8924501024188727,0.6213558422638246,-0.6854076405380237
1,0.0348129386487071,0.5056527937682684,-0.47202692346916714,1.032950888718775,-0.75619874069028
1,0.1716207052115165,0.6101685875007004,-0.4612861613067516,1.0885980759906593,-0.777585098584235
1,0.6399291042082222,0.0775195369828986,-0.8722889602128293,0.653054798400881,-0.7215398183805839
0,0.0844550230230882,0.7297128523961128,-0.38196968596963055,1.2073259914919718,-0.7988602412486118
0,0.8579664533185944,0.7022953054314468,-0.8160450660221445,0.8886624060996887,-0.5129190345123956
1,0.5609273381520719,0.0545537383691415,-0.8344301497777205,0.6985489397738994,-0.7309818753623641
0,0.1383588938720134,0.1253485404694319,-0.6576846909389514,0.8669933777092121,-0.724939849140384
1,0.0049830704397041,0.4971643360689042,-0.46832190895521947,1.0307908425280814,-0.752043635126104
0,0.1846043610983254,0.0888827173363054,-0.6840576825785972,0.8507933137027213,-0.7254575458065474
0,0.6713248778149274,0.8155429168831291,-0.5835163661047074,1.1671046834568792,-0.687275544785068
0,0.2029619082127255,0.7032666683697687,-0.42677023586784085,1.1669941300628146,-0.7933539300948877
0,0.4400725785030466,0.5549964382191578,-0.5737458020080046,0.9790995420845595,-0.7508259423827631
1,0.2730393454215278,0.5667989576308531,-0.509257619731987,1.0358040257792063,-0.7701345952003761
0,0.9116936276052174,0.0627251249520772,-1.1282152013313973,0.4076621142426788,-0.6355948749329803
1,0.8213100108608951,0.5995831091789685,-0.8186078648862399,0.8053007319784096,-0.5626105088123868
1,0.5720074512188246,0.8830572413009548,-0.47812870637680516,1.3140732354940787,-0.7632061847883324
0,0.7348292226357289,0.3076197255636245,-0.8517628200556073,0.66564884222182,-0.6698672004277766
1,0.8680706516144454,0.5535087650660551,-0.8896145687386939,0.7215679895121996,-0.525733967850413
0,0.4736159692696058,0.3477803009011286,-0.6733567466094581,0.8390450972082568,-0.7408030833287808
0,0.3004761910138602,0.2758706087709676,-0.6387242664951117,0.8721766359103562,-0.7488342606800177
1,0.0862845143166537,0.6189799136895563,-0.4350174469879208,1.1072261614113519,-0.7766264543724174
1,0.2544526673698974,0.4789712132127112,-0.5410263196560139,0.9807102342556812,-0.7624502319261631
0,0.595929054476601,0.4048065563811012,-0.7139484376640441,0.8081759963822993,-0.7126955079868019
1,0.3748463537009534,0.1911651576120272,-0.697783892529896,0.8204336590729039,-0.7439977188900138
0,0.0646591701883999,0.1009863258808483,-0.6509986245547299,0.8724899931149789,-0.7121665230353831
0,0.1369527417955013,0.2401381181544764,-0.6092979902656576,0.8976366382650153,-0.7372718638064736
1,0.7248117794670661,0.3777941834412592,-0.8159220085734398,0.7101560023718093,-0.6641153611912084
0,0.3158010683565653,0.7014219620711375,-0.4620116488718503,1.1450362077866267,-0.7857541667240335
1,0.1560942190396634,0.338715452304968,-0.5728449156649426,0.9300994990264618,-0.7479936161765762
0,0.3271042661876239,0.1475250779685997,-0.699660620663159,0.825475996206769,-0.7407674793170469
0,0.9661003960491048,0.9717851021909468,-0.8171722025274886,1.2407901990945323,-0.3726430845361969
1,0.3889595935490302,0.9652840701332018,-0.33377998889914473,1.4965212689111351,-0.8610819536779721
1,0.6993618878448911,0.5162619696232837,-0.7404965000728887,0.8209681970096971,-0.6608433139681593
0,0.1961950692290637,0.2016016195125907,-0.640182944251673,0.874824291355056,-0.7386030122413679
1,0.0770550276000838,0.4411587000233499,-0.510057742355051,0.9907723348990511,-0.7520914486714834
0,0.8646699684316056,0.1008452574679361,-1.0584046517222931,0.4691750967154293,-0.6494370609939495
1,0.4826120510680478,0.1052394298145851,-0.7754606070903387,0.7520851288512694,-0.7371318741822802
0,0.6800736254827684,0.8689736120600603,-0.5601073151561002,1.2465273391987735,-0.6942123856415913
1,0.1211480412053654,0.3418765881787251,-0.5627861344911655,0.9373194669139189,-0.7456472032317577
0,0.1637238081041725,0.8713025604027177,-0.3244507914225704,1.3682387346957088,-0.8422018072969053
0,0.1732878663202279,0.984798766904135,-0.24780881014559863,1.541606717377966,-0.8950460522483046
1,0.2613056428306789,0.4679877118008855,-0.5476369487464696,0.9725480096257174,-0.7614556265489413
1,0.3985685839020854,0.3004958025532187,-0.6618571861270738,0.8489498547875728,-0.7474945763078391
0,0.574654298068976,0.5952493773031922,-0.6232707871632185,0.9571301437826077,-0.7158210135113564
0,0.8946262885712478,0.081727837634537,-1.1002958615306582,0.43195961377417996,-0.6392340132750707
1,0.6255425918628004,0.1403686434509919,-0.8378859163471929,0.6793131545666055,-0.7212277508540191
0,0.9978508014247494,0.6838719074443814,-1.017920006098398,0.7273716419292672,-0.32106409673870767
1,0.0042666073109594,0.4504474537242353,-0.4882578955924062,1.0040027299581629,-0.7457993294553268
1,0.549798460973454,0.8681794253409173,-0.4743378658047558,1.2975248939586432,-0.7683123589956585
1,0.2191154943008765,0.6516000463214143,-0.45568162121012507,1.1158666169357894,-0.7835050772793677
1,0.3228725220041171,0.3831086273933907,-0.6017714603001743,0.9106760807377656,-0.7544200497756105
0,0.0196818537859502,0.9519381516969128,-0.23186769312607491,1.4869116234163682,-0.8768183531027371
0,0.1527570406557958,0.1189499039192972,-0.6637926462999623,0.8630709019542209,-0.7257701601085554
0,0.9241507355423088,0.8080893122763682,-0.8510123205343492,0.9772438923168176,-0.42073468742784853
1,0.3721221095126237,0.0595921686638221,-0.7504479771004621,0.7908726227904028,-0.7348269364314907
0,0.2157854787367893,0.9555412188922756,-0.2823489488644039,1.492181906493128,-0.8775206361403743
0,0.6598915894059085,0.5895564325531428,-0.6807404069818502,0.907249865729811,-0.6778138416602363
1,0.4287089019222022,0.3064071310760057,-0.671130684247007,0.8396644754500412,-0.7454327330307574
0,0.0388002707128384,0.6767445437541357,-0.3961489404608879,1.1610563302179313,-0.7849443418093053
0,0.7537806655804253,0.934573694295811,-0.5819221561392707,1.3254302514648648,-0.6541536100563411
0,0.3263744580245876,0.7830274970197253,-0.4245477170000902,1.234359981447019,-0.8022883539711708
1,0.8296532464599079,0.4386874493485211,-0.8909819888465798,0.6647309703678895,-0.5864323748447632
0,0.4757305139699787,0.3761483784063975,-0.6628250453449663,0.8519596691532875,-0.7405132758641245
1,0.4953235485990465,0.998352961501123,-0.35574250688662123,1.5431580260042335,-0.84991003474281
0,0.0317642324416316,0.0708544431946927,-0.6564841419348815,0.8701500207531365,-0.7026811953057546
0,0.5773705748832205,0.5391203739811334,-0.6484267887624537,0.9087530030395429,-0.7143468751806281
1,0.5057444396327185,0.2433706063090476,-0.7303363038603428,0.7810495993927241,-0.7369553591127225
0,0.989012905473563,0.8928636702499914,-0.9032757552208068,1.057388744941298,-0.3136008259729427
1,0.4305203283654648,0.7718479430439587,-0.46982694753171034,1.1973073113440582,-0.7809724574260739
1,0.3239006710941304,0.3954092923698146,-0.5970505321554418,0.9164424174555533,-0.7550275175791725
0,0.0912967040494351,0.8987925355620919,-0.2873936738471752,1.4094557499540576,-0.8537389126144556
1,0.8962902102650738,0.4658453155665201,-0.9577654719921703,0.6225251467864269,-0.5200351877697463
1,0.5006862558805898,0.7308750523825479,-0.5223027304883745,1.1265780120845472,-0.7537219041390749
0,0.2356094818287601,0.9232113776045788,-0.31124399158263455,1.4396219654438585,-0.860642930630087
0,0.904265208057132,0.7276200283939014,-0.8622882160054762,0.8800045859743995,-0.4534064206349908
0,0.3607851445865915,0.6409491351455265,-0.505552122919151,1.0758266653447304,-0.7711416846581699
1,0.694726560390142,0.3744650949263342,-0.793302203568909,0.7296101892496673,-0.6786457716876713
0,0.7807358091015162,0.2021425413243209,-0.9335370071678706,0.5828987796447356,-0.6670392209215722
0,0.2647734227089359,0.2131847360466813,-0.6539507958588652,0.8616763601858102,-0.7436425606121021
1,0.5984145617329955,0.9494764339463898,-0.450742088459957,1.4221440148959688,-0.7768177679403607
0,0.7865908446880917,0.678162782211006,-0.7497389565083413,0.9159691425539307,-0.5866026005165212
0,0.9990831720683097,0.0720292225297261,-1.2439694512367323,0.3068854230094661,-0.5769411173048064
1,0.4378856784876054,0.0357445772179929,-0.7846144465061333,0.7592372772709525,-0.7340926108665603
0,0.2866161211644793,0.2387267818203918,-0.6498008518853504,0.8635271477929841,-0.7462281620711805
0,0.110990427161232,0.2310792401965402,-0.6068407361671863,0.8990161571821331,-0.7337175343951498
0,0.6961082973726697,0.1076295622892377,-0.8997964753674732,0.62018877417217,-0.7084734327358367
0,0.9036549341501596,0.9894893866871828,-0.7137089595761702,1.336494955032388,-0.48743400646327445
1,0.2338187336252282,0.5601580411743388,-0.500537071373013,1.0392289677359434,-0.770677479755554
1,0.6494738576790394,0.8056972139727174,-0.5727657888827953,1.1633834471134163,-0.6994098579772864
0,0.3141729607047621,0.3216589598558405,-0.6242009343815839,0.8857636204915676,-0.7514022369901507
0,0.2422651228637806,0.2878871687197887,-0.6167756538725664,0.8920892675916993,-0.7483487924811928
1,0.8698958383005081,0.4779823432315424,-0.921065788018389,0.6570027957527163,-0.5422510257377468
0,0.8685147371603896,0.7416183079984864,-0.8108250105050335,0.9305442611608048,-0.49794540774236484
1,0.5436427541098894,0.09548379167204,-0.8088191170721013,0.7175791225509254,-0.7329149177240362
1,0.5258911334632351,0.0124061621918794,-0.8332692884507293,0.7107771787572414,-0.7315373256718948
1,0.9570249522754926,0.3394451466229855,-1.0856479649806796,0.474778502689163,-0.5025750037892089
1,0.7792619519874062,0.4772315630391613,-0.8251752075754029,0.7339693920965976,-0.6160712600903068
1,0.607341619603822,0.7270487835335551,-0.5839483354413104,1.0792563617432798,-0.710446821891855
1,0.3450957712403313,0.7386452598757857,-0.4538514243266165,1.1786603529492599,-0.7894492179730328
0,0.8263385184255001,0.1758550775591356,-0.9884049726042743,0.5321326977516253,-0.6508175885122508
1,0.3474758228295801,0.2180787620291231,-0.6774170490956933,0.8381137148142757,-0.7456275440821526
1,0.5108410377233015,0.2627313418574764,-0.7249797802139767,0.7856874533362406,-0.7361236205499377
1,0.3249669544066897,0.44203702619132,-0.5781822878989938,0.9409662339252106,-0.7575530765862106
1,0.3982100568371752,0.220810139996496,-0.6941518570875364,0.8205808327579418,-0.7448314201433673
0,0.0370866531714089,0.9656894179281016,-0.22608999676035596,1.5083078980565894,-0.8844669381040822
1,0.2038536224101107,0.619391446655415,-0.4659938879653825,1.0908352307730154,-0.7788377294756991
0,0.1254918235637578,0.6846055328008189,-0.41471061694562894,1.1593346980234231,-0.7899198727390497
0,0.1565489497285784,0.8753531802821837,-0.31994579871771833,1.3742261508935423,-0.843918008066624
0,0.2819177621144179,0.1589879772579682,-0.6812129095531013,0.8421770344644649,-0.7400195011549525
1,0.4243854929487124,0.9470722926473704,-0.36153909122031413,1.4592437799648195,-0.8435898253702041
1,0.4391927932802472,0.9734836279728722,-0.34858664417244445,1.5046725614496501,-0.8534269301133487
1,0.6205945179637458,0.7331889152076982,-0.5895845734422464,1.0805328947183808,-0.7044496554869093
1,0.6773791104506658,0.3878612783407624,-0.7749858255242511,0.7489177050015572,-0.6845799118154058
1,0.3780457055752706,0.6952272405815267,-0.4868559929330266,1.124096821098417,-0.7764746859711007
1,0.8860849069792576,0.3890856989576906,-0.974152645633893,0.5796176884667664,-0.5526473003904372
0,0.3308171769655703,0.1862116058992332,-0.6850055658843158,0.8343403221923732,-0.7435909564852307
1,0.1108303963380037,0.5441273654034502,-0.4744238141484174,1.048630526424012,-0.7667099632671354
0,0.2022683388428103,0.3133697369914081,-0.5953560744039132,0.9108440487797086,-0.748574829534637
0,0.9474843268219252,0.7478490154308584,-0.9129262838220871,0.8654420112170579,-0.38916063815106006
1,0.0383641724414859,0.4077053527845332,-0.5148133583821666,0.9783097887056472,-0.7445286101703765
1,0.996821739423077,0.3438227889888666,-1.1429822756572303,0.430928158489786,-0.4573272775616913
0,0.1388006878132561,0.0275776296245743,-0.69851410817767,0.8489790380843257,-0.711817827804839
0,0.3237365260586191,0.9549752858833276,-0.3172178828850592,1.4851056669028684,-0.8669855655963219
1,0.6053201096481318,0.7079514485126288,-0.5917047947241352,1.0576440205754656,-0.709339197300168
1,0.0788030472775136,0.5307326121792929,-0.4721319705445006,1.043853867705315,-0.7630660013293791
1,0.0277390805230375,0.3534711331109434,-0.5353094136189154,0.954506023910954,-0.7371323768486175
0,0.4458380336826026,0.4936822512482267,-0.6018045091746883,0.932827526954352,-0.7470795591438752
0,0.0912872473855423,0.331625408841067,-0.5598029209589993,0.9375607035956405,-0.741913412957083
1,0.4749936504429073,0.1814024443044198,-0.7412535923624101,0.7756887073046398,-0.7395996516954381
0,0.7485589774008884,0.0784986272604747,-0.9533410908445842,0.5703611405937272,-0.6977701107700226
1,0.1541040981338874,0.4551468052299836,-0.5235513322085527,0.9868562025760071,-0.758626478465901
0,0.8581806314838183,0.8271875005975833,-0.7561951298283477,1.0651020602346932,-0.5126127582275662
1,0.6009341504034053,0.3019407784227496,-0.7580795088317296,0.7531264300538932,-0.7173463219856078
0,0.719467798692617,0.1987882670504543,-0.8818961662676787,0.6314529548310229,-0.6916523151594411
1,0.8746594659588148,0.4815050909170846,-0.9253649426087791,0.6552528725827754,-0.536821061075976
0,0.9139522152727522,0.698013240270555,-0.8881913902859204,0.8328937829104495,-0.44416135193270945
1,0.1192982346578016,0.649743341582637,-0.4294523726240205,1.1288472266180474,-0.7831781438328498
1,0.3674598040770271,0.9765934534366352,-0.31693848932178487,1.5192656826205722,-0.8714432993978233
1,0.491058211694361,0.2129872979954248,-0.7357206668989582,0.7778104797036972,-0.7386018001089136
0,0.9177525944733692,0.0288284644046123,-1.1485069640167453,0.3913452816070187,-0.6422634105673596
0,0.0500645846273984,0.756676266582179,-0.35934604927368524,1.2379319093663748,-0.8044769840258745
1,0.7468323612823474,0.497274337546442,-0.7875816736095937,0.7735041098259463,-0.6346996188026133
1,0.7635378895950514,0.3532394971996598,-0.8589878889820364,0.6669090325669015,-0.6477831556159026
0,0.676814118892447,0.1698857990743947,-0.860863555026175,0.6531711748118114,-0.7077475063136879
1,0.3520774133882729,0.7326234795058426,-0.4593128982453422,1.1704080577334584,-0.7872313961347797
1,0.3886740359660254,0.6906346645497256,-0.4930318934645262,1.1165777163956394,-0.7739881292160484
1,0.5084818649243589,0.2489201352899777,-0.7294097270990574,0.7817077598059979,-0.7365693035631483
1,0.1149581609429595,0.3958055308473879,-0.5386010260646682,0.9624422074947118,-0.7503830281779066
1,0.9505125664356978,0.4393368285561727,-1.039842176078164,0.5467538834261209,-0.47081069472725257
1,0.2765726986131862,0.6533779268249569,-0.47191562124476283,1.106738820284576,-0.7810971171712636
0,0.5618814637467682,0.6233423274270383,-0.603857103612057,0.9888558407936743,-0.721591376547059
1,0.5399104668887049,0.2828350842995276,-0.7314769502991516,0.7788403904664624,-0.7312084081217851
1,0.1617802041811543,0.4205290736613494,-0.5400920903050563,0.9669727499721885,-0.755673918421909
0,0.0675587010022121,0.7062476007932866,-0.38924971539104936,1.1857950181427632,-0.792795052631112
0,0.0249349472775162,0.7313892135559471,-0.3658756651971948,1.2138241587307859,-0.7966918057843156
0,0.8464988637543209,0.6723700648374046,-0.8158447375003668,0.8624266512256972,-0.5284066183060184
0,0.8601014271318745,0.8490235481756268,-0.7467351085276817,1.099346877498487,-0.5126583678428228
1,0.9710604953304196,0.59848647317934,-1.0100748240036268,0.6616358234432055,-0.3881991155901212
1,0.3592169780765196,0.0952798473114364,-0.7315114144575262,0.802609171821162,-0.7375159360194496
1,0.0925120841631381,0.4663655776691723,-0.50317859762955,1.002606549096143,-0.7561539098894664
1,0.3944754947489141,0.7502561991639375,-0.4662801512308659,1.180522520446046,-0.7838595371879731
0,0.9522051252612388,0.2169137834496238,-1.123758147700946,0.4181461968456273,-0.5554673368609759
1,0.3832741832760203,0.8907312212019813,-0.3828040453927421,1.3728986316545668,-0.827814197329642
0,0.2687235612266228,0.8710431271103317,-0.35538782700069005,1.3591090992288675,-0.8363287023307402
1,0.0718748523110108,0.4431357405078625,-0.507941404081357,0.9924991359130452,-0.751865896547013
0,0.8762779343276831,0.0210077358663572,-1.1020204091554966,0.43455540306444723,-0.6633091928724734
1,0.4875218014934347,0.196296633453282,-0.7408483610567884,0.7742118448140687,-0.738803910221787
0,0.6118255058110871,0.6027356731316418,-0.6426812760223964,0.9455516632449926,-0.7008277757118017
1,0.5418392375988261,0.7552763650976674,-0.5315538039003155,1.1412350691153328,-0.7434176070200584
1,0.5924496380777802,0.6776938513242614,-0.5976547861735313,1.029831531885214,-0.7126051440160027
1,0.511940256241483,0.3316973468961433,-0.6977271408018665,0.8140042897529892,-0.7349944134281639
1,0.1331290376030917,0.3815563349331757,-0.5491261283828712,0.9528532872632406,-0.7503325994274351
0,0.2198213502279896,0.8963930814487544,-0.3244640257174312,1.4001251901554106,-0.8499531051496061
1,0.6532262749500406,0.9398573987631303,-0.4949016844596272,1.3838840920391466,-0.7386433511094916
0,0.8181160790843185,0.1797592220841265,-0.9784941326160712,0.5412140807798642,-0.6540350999048279
0,0.1219393773618273,0.2795339336414244,-0.589130228568044,0.9132399235262375,-0.7397200496978859
0,0.2942597986515424,0.08112095236177,-0.7167958810562253,0.8214550069544807,-0.7333931706611694
1,0.6297300359212428,0.7283268661754159,-0.5980001892283509,1.0702002304230194,-0.6990445283538304
1,0.5367412886479561,0.0525107417128298,-0.8225765958550958,0.7121325764743046,-0.7325845686578816
1,0.3693239069399373,0.9005779453868156,-0.37115684952140393,1.3904639415010682,-0.8344709602377204
0,0.1923580618189643,0.1894626318286928,-0.6442429377376133,0.8722910821525942,-0.7371458001399759
0,0.5435339879708417,0.6108657117798708,-0.5991561180804367,0.985382865211337,-0.7274184760037689
0,0.0643374921142452,0.2490367662591814,-0.5882601485365769,0.9111085906825055,-0.7302009609603656
1,0.489268568013643,0.9764950967337418,-0.36965613488205146,1.5016963711909506,-0.8395155458133754
0,0.9016580564567902,0.0398963889113339,-1.1245754704092783,0.412233717990892,-0.6471215904204182
0,0.8292010225578947,0.6988140878718657,-0.7849449817027923,0.9079930594903786,-0.5444721501894119
1,0.6121321691887268,0.1508229488292432,-0.8253191626670023,0.6910315103741491,-0.7231707279353948
0,0.9820825459636262,0.8617689730630705,-0.9094233898517942,1.0082751445568454,-0.3247785444984811
0,0.6177528695343151,0.6544113076671754,-0.6240388880838915,0.9930143897787478,-0.6995189952638121
0,0.8498712778395294,0.2344927652096465,-0.9909340170106162,0.5333104869242522,-0.6235311142716715
1,0.4405471080914347,0.9906547301422274,-0.3359832472896098,1.5369262793509522,-0.8627537331258225
0,0.076136362724161,0.3055065403163051,-0.567176321638251,0.9293903310596039,-0.7376420763132613
0,0.9575144987675792,0.9588343434502736,-0.8126885897701609,1.2213591797853327,-0.38468863440380524
1,0.7650458317126754,0.6647295463229133,-0.7349263175563444,0.9161560050788532,-0.6055865388434897
1,0.7261532920733222,0.4514769788084317,-0.7880288091469191,0.7552970803612952,-0.6531669727467437
1,0.1675111804615534,0.6535246349699921,-0.44048142687052827,1.1256910405055593,-0.7845155314664628
1,0.6559596997226765,0.7328046591855869,-0.6141110292272676,1.062527906850527,-0.684641315621702
1,0.5508061706141117,0.3280930228760487,-0.7190547640058594,0.7928362979518417,-0.727721285645691
0,0.6766610472202081,0.9037469473454406,-0.5362342181375676,1.3077020802955173,-0.7078319395289244
0,0.7551657125837563,0.8516565523251303,-0.6339730355771724,1.1771045174191503,-0.6282558164769791
0,0.0311499581701463,0.117177742426387,-0.6366768254498248,0.8794681626418485,-0.7092479728096217
1,0.31080371095073,0.4440454335594905,-0.5727721406512335,0.9460805758851909,-0.7583335712767749
0,0.1544999390175833,0.3102355491701603,-0.5843344535985746,0.9190029623590288,-0.7453389431416363
0,0.1397726216189,0.0659778414258195,-0.68278624921087,0.8550725200675351,-0.7174597000444711
1,0.1928394915277929,0.6201960410350376,-0.46257667637371286,1.0933493987932206,-0.7790693982666149
0,0.1001141292220217,0.0766664078260478,-0.6692009826892219,0.8631966371282407,-0.7138197881476915
1,0.1801738486608982,0.3569029744793542,-0.5714491809319859,0.9333412690653219,-0.7510109393318153
1,0.8229211493552195,0.6478694258080453,-0.8002308826085172,0.8541242170171013,-0.5550459074034247
0,0.0559709195370555,0.8195388832935745,-0.3266652109464847,1.30814549426832,-0.8233862652029954
1,0.8119782142723821,0.4296157590448477,-0.8760040350059664,0.6737570385046677,-0.6018211911991457
0,0.988680764441672,0.8407786648978343,-0.9311430434146497,0.9649448240261096,-0.31254077898509836
0,0.7938572937539783,0.8764906363075893,-0.6575213920039075,1.1944972282530575,-0.5954487973608997
0,0.1299973424857995,0.6727581503043152,-0.4215113822855205,1.1479025459819583,-0.7876758432366175
0,0.001097444259297,0.9384708452540916,-0.23685795085954928,1.4666583841599088,-0.8694377636596115
0,0.8565615548358018,0.8740891436366305,-0.7284099511965072,1.145181538600495,-0.5211910763387259
1,0.4065217090928601,0.1355077817568899,-0.7319731793721935,0.7934212612351048,-0.7406709290723376
1,0.815229104716629,0.6198111992332176,-0.8038336378481424,0.8305392902405477,-0.5655319767616934
1,0.5802601261175214,0.7629282158378058,-0.549633067147508,1.1357958788789764,-0.7285359132210012
0,0.885988043122319,0.0153672655710342,-1.115335912091465,0.4227819641960554,-0.6605475013953468
1,0.1224334517067993,0.5287843898394856,-0.4840300537878639,1.036679786748169,-0.7653156019099941
0,0.1491155906516607,0.7560976801444258,-0.38555554125294833,1.2285970743007053,-0.8062270315285078
0,0.2773105960102978,0.213000641300519,-0.6576442941084888,0.8582012091422887,-0.7441132280291279
1,0.0084695471979068,0.6273576029852812,-0.4115184238181416,1.1218070355642642,-0.7730652586191277
0,0.8958307546013783,0.0744141175537914,-1.1045056947031906,0.42845573673355103,-0.640623161711247
0,0.1491224374351601,0.1489732014264231,-0.6503872250690786,0.8704803217056273,-0.7288827016587631
1,0.6482894308255964,0.0741918949721559,-0.8791531086584808,0.6464448423548507,-0.7203252431355559
0,0.8294228158985752,0.8811698137918421,-0.6929125376904035,1.1780943635220693,-0.5563642104023436
0,0.9727792841665912,0.2634596589534322,-1.1358816669209324,0.41597128568504915,-0.5181959452933953
1,0.373761210200868,0.8499064254092853,-0.4041744390149754,1.3139009352751885,-0.8146870304434275
0,0.1078764702796815,0.924162885237556,-0.2746692978172149,1.445698557926835,-0.8650425147943878
1,0.3835234957460633,0.0473726030189323,-0.7594039379458289,0.7842763177215416,-0.7340686367103086
0,0.9531862019664008,0.0159705866623254,-1.199272092989623,0.34679802015173095,-0.6275377586987662
1,0.3500682982931857,0.6934163584965868,-0.47755225134638274,1.1291577856037076,-0.7802715477831802
1,0.08981329421853,0.3821893847491739,-0.5381355094538558,0.9596944147725672,-0.746913027199755
0,0.2979259737145716,0.9421054831857292,-0.31772675296799296,1.46557177095999,-0.8638526585928578
1,0.2051346350777479,0.5678602868675773,-0.4890999781981115,1.0503773991781153,-0.7719218595086617
0,0.8815323842457599,0.3279921305021539,-0.9916793784317486,0.5481517101493584,-0.574945212964943
0,0.8440592920603984,0.8388678417406258,-0.7333903951725229,1.0951157355795205,-0.5313756236609833
1,0.744890083529853,0.6584103111116895,-0.7192992804807874,0.9230225421384699,-0.6217351652965912
1,0.0247313650833077,0.5419431860660707,-0.45375193742551617,1.0574042529117764,-0.7603531613040658
1,0.4261245648396776,0.1534712108902703,-0.732206208765679,0.7898129729909349,-0.7411749092953774
1,0.6781464056960531,0.571495058914618,-0.7016483501045604,0.8802532582864485,-0.6687043573786882
1,0.6144582186997132,0.9699114736076622,-0.44653581075026894,1.456227228490181,-0.7777133216876522
1,0.1316025720221441,0.4327916709884175,-0.5272100408115684,0.9784432102418624,-0.7552012145251048
0,0.11021807877473,0.1428783171290425,-0.6437325838048223,0.8754693300513069,-0.7237377502064436
1,0.8103548565968867,0.614656958726071,-0.8008809020662467,0.8291505792720987,-0.5706116895458178
1,0.5933316641658748,0.7995412160517369,-0.5386879724404576,1.1795054529167885,-0.7293414981427666
0,0.3608161742019232,0.3871430654181665,-0.6128702681331967,0.9008887331070402,-0.752816246496246
0,0.8496207764419847,0.9528499816106124,-0.6709445432396521,1.3002104215939894,-0.5517292156989403
0,0.719544623970845,0.7357639879201509,-0.6622258336776023,1.030613097828072,-0.6422207581295506
0,0.2650228136602689,0.7347659416175742,-0.42952622187373846,1.1897680765518996,-0.7969232752809657
0,0.2755831782423603,0.7027992673471898,-0.4484405789110535,1.1544426319184535,-0.7896217583073672
0,0.9939834345793828,0.2345994828196934,-1.1777501848055836,0.37672062744050566,-0.5101940723245799
0,0.6225472606318909,0.46690725134951,-0.7056134100923214,0.8319673633204608,-0.7000739836547007
1,0.6311199824282174,0.1515929739277157,-0.8369691348191981,0.6789342141039958,-0.719577588835269
0,0.7259677138164498,0.7238706467256185,-0.6732850308390114,1.011680416180669,-0.6366762632142965
0,0.290758575451861,0.0276924175023342,-0.7376044689932388,0.8133402620583006,-0.7271366614555147
1,0.0816131631854168,0.586295886768956,-0.44848391057773246,1.08249878738839,-0.7711482861576898
0,0.2993381842850046,0.6965193251057077,-0.4589648819066418,1.143469289559356,-0.7864869712170945
1,0.2608915659359867,0.4408937533205003,-0.558810148981883,0.9571678895787875,-0.7593901789945808
0,0.6731333343598795,0.0355844286503427,-0.911647637244102,0.6197112211493868,-0.7180023235654297
1,0.45790669103704,0.7535674279919986,-0.4910256308886521,1.1672501879028587,-0.7702493462342463
1,0.5562279144006708,0.7898471854868662,-0.5218301177708248,1.1807462698598827,-0.7443213392143851
0,0.0207136402322878,0.9627927968327574,-0.22406008152882784,1.503424849031585,-0.8824407486900216
0,0.6814461899473427,0.8492256234804155,-0.5726174243356612,1.2137964552606773,-0.6878978809560954
0,0.6712100228693548,0.0150706355731816,-0.9184536583410674,0.616861006000795,-0.7191693027705309
0,0.3792650812651834,0.3432222900819632,-0.6373592474643328,0.8739776817022079,-0.7500304789273364
0,0.7120831725303888,0.8332044097334615,-0.6062499428674685,1.172548386771644,-0.6611559269716919
0,0.1229283024901025,0.0339825614464101,-0.692207649170504,0.8525563305261994,-0.7107065955857573
1,0.8750346901694653,0.4468138933874254,-0.9390490460368637,0.6291027496717522,-0.5458518303338066
0,0.8331457151200362,0.1762596736186374,-0.995328024325835,0.5258742767357915,-0.6472670753663009
0,0.2027102391448312,0.9226654441505998,-0.30190746926941203,1.4405613845225402,-0.8622977817078368
1,0.0848144706412334,0.6239823095075132,-0.43237242088156774,1.111425863308339,-0.7774027954281739
0,0.4508947661666787,0.4939046371343221,-0.6038667799619675,0.9310623453695752,-0.7462215345194136
1,0.9241627488316432,0.6053557380575831,-0.9402621903316618,0.7179867047880947,-0.449627965219813
0,0.197048890200373,0.959934060730474,-0.2736283618521327,1.499879583870771,-0.8807161904497024
0,0.704304042436379,0.0169062079078272,-0.9419938450321437,0.5918226082277255,-0.713679535248259
0,0.3001545077883096,0.2594684550287772,-0.6453607148918801,0.8665102640144978,-0.7478290488086594
0,0.824861765207315,0.0728393500236405,-1.0267089435975847,0.5002043934325742,-0.6730690914178179
0,0.4253260717771207,0.4662781385754984,-0.6046261726963726,0.9227367720481506,-0.7493321760076409
0,0.2478746454209204,0.2409038382118493,-0.637745771738805,0.8745911236912531,-0.7450595914738278
0,0.8768283726760763,0.9750248153554276,-0.6889337609879486,1.3263363263957195,-0.522371125504381
0,0.9449205293269703,0.8847766664648299,-0.8396348315017514,1.0873856184535122,-0.3919289176104043
0,0.1230354552585478,0.112607586177436,-0.6594115899353128,0.8668035187818406,-0.7215609774287491
1,0.5405423105717214,0.1391194388216716,-0.7896392254065221,0.7302883029328926,-0.7334123150879127
1,0.3655050259203602,0.7055561428832895,-0.47731642901330407,1.138014265303092,-0.7801660459145975
1,0.5632338618860455,0.960496352359784,-0.42132545208892336,1.4537419020232687,-0.8004405377568404
1,0.750037656822025,0.5923338270811641,-0.751924793540825,0.8522531309469144,-0.6218520810724704
0,0.1206098865118801,0.992195599608021,-0.22740140928368383,1.5533192510519764,-0.9001167241433183
0,0.1425196066660564,0.8924964484295557,-0.3051855390238929,1.3988501575539989,-0.8510171936955733
0,0.6203797316006655,0.3464073673143202,-0.7524161201734743,0.762600519443788,-0.708920963076476
1,0.1758464980013691,0.6217232283875314,-0.4572429902331914,1.0973347130159443,-0.7793433592112979
0,0.8561069416818725,0.0714561714501774,-1.0602024514267943,0.4690420516657738,-0.6603816278979013
0,0.2955625794647833,0.1133477418515602,-0.703975695273951,0.8275824927385479,-0.7366307260852433
0,0.1543119171856145,0.7081384965341022,-0.41102212803506666,1.1783812127622249,-0.7950292179908601
0,0.9511495252305592,0.0130493883326553,-1.1976192228341467,0.34844437577372256,-0.6296167350861976
0,0.2174127601572995,0.7669240543127204,-0.39894005793867654,1.2325283439510926,-0.8073343259107384
0,0.2962607314226215,0.6700892223530512,-0.47040349736841863,1.118223528101435,-0.7822461903281622
0,0.1609870135928091,0.9131785157123574,-0.29657028621235226,1.4280380329983797,-0.8595106838853419
1,0.1728008331730148,0.6330437154781097,-0.4512958879812651,1.1072448268179549,-0.7811113536060781
1,0.5455170450350346,0.1497155907724648,-0.7879544386614901,0.7304349942285013,-0.7328314290842873
0,0.0403912261930257,0.7802710216246107,-0.3443933028718307,1.2640081018878424,-0.8106658286925003
1,0.2654414909202477,0.5018097982783072,-0.5346721523994976,0.9924107071624184,-0.7641582745683237
0,0.0674045096388837,0.9990657091279852,-0.2077191139127048,1.5630285361575849,-0.9037184208280608
1,0.8130969537989821,0.6418426093119693,-0.7923598922240068,0.8553879696010183,-0.5650454736991174
0,0.0819404833590925,0.8618135066666168,-0.3084135055848227,1.3597060286316618,-0.8388541634625865
0,0.6270425659123327,0.5346123038437383,-0.6810139670479222,0.8791064593512374,-0.6950925266960851
0,0.1697507129289079,0.3155421987086031,-0.585989139638908,0.9182358577369832,-0.7468701569382427
1,0.4495732947143771,0.2424370774325875,-0.7056092586929933,0.8067173347940457,-0.7425941878531352
0,0.6699880622009404,0.7131751520920341,-0.6336419510790349,1.0311475212967571,-0.6744225528093333
1,0.3812331217367416,0.3199245034859231,-0.6475677155212889,0.8632170807151965,-0.749118989422683
0,0.9533276222046838,0.1339292633337193,-1.1558473262566862,0.3836719097426737,-0.586017615865587
1,0.4093628483098244,0.72057846875749,-0.48681628121747217,1.1429260166127744,-0.7752038082297478
0,0.3096559124655698,0.0574902474590381,-0.7310677675257994,0.8123479897349403,-0.7318083994216051
1,0.4218223526041156,0.8839624949391672,-0.4025724767921932,1.355387829554899,-0.8166900019398357
0,0.8283748044390884,0.9543014580147764,-0.6453930553600019,1.3182179214728387,-0.5795799111355315
0,0.5994545872522263,0.4591147526296002,-0.694254133681205,0.8396518138363886,-0.7088271634774428
0,0.9808399717758208,0.2135237975950449,-1.1657497473477574,0.38306896436940263,-0.5318604658164972
0,0.8857660033764729,0.252208559020197,-1.0252768600814908,0.5057722700785114,-0.5947641338840313
1,0.5741358020723754,0.7732534711974219,-0.5407614543880489,1.151713545385413,-0.7331662018417945
1,0.9231586156246234,0.3696614380360805,-1.028273888369459,0.5297518941546422,-0.5248528875275105
0,0.2039102287374764,0.037735892343685,-0.7100088434893103,0.8377320252474446,-0.7207987611412746
0,0.7718173593124122,0.8947855713434252,-0.6245214381195612,1.2408483461762696,-0.6230442585901407
0,0.0217101342965341,0.7043168213929805,-0.37850383951357036,1.1878179528731214,-0.7899797514536095
0,0.298885739218001,0.8741729556594015,-0.3631466506879026,1.3601428485825473,-0.834421926873121
0,0.4735435173369243,0.518282473314669,-0.6037364086282019,0.9392061538723953,-0.7426716311411449
0,0.9570987815842552,0.8429314080468137,-0.8807471965416099,1.0016994479401713,-0.3683878944201021
0,0.0098501427095326,0.2436159586437506,-0.5779078077591235,0.915237348651129,-0.7220166157891165
0,0.8692372471056945,0.8470319199240336,-0.7589091326211302,1.0886390975434221,-0.5005165065952695
1,0.9657506934906336,0.4221350025140975,-1.0680250002367702,0.5176364198639044,-0.4598513254461081
1,0.5938186160462783,0.8428059141057787,-0.5152249467342114,1.2424500604662723,-0.7397001888235805
1,0.3169821287924912,0.6646756689691959,-0.4796534300331907,1.1085760905024458,-0.7794984178745604
1,0.819884643547083,0.5636681385375057,-0.831644343429798,0.77246405153606,-0.5694614632734035
0,0.2091289534487553,0.7520629713740429,-0.4042508964368043,1.2170339756144113,-0.8039728806439137
1,0.2280914100203596,0.3510879731453888,-0.5867058312966891,0.920699813689595,-0.7525066636816949
1,0.0642382733837795,0.4330433381794721,-0.5103528944396704,0.9881104074665439,-0.7500359876290437
0,0.0469726903678737,0.8857905141736986,-0.28429919636307555,1.3925925805270842,-0.84748173563651
0,0.1508249975315991,0.0189467378902663,-0.7048860626171092,0.8456036333423642,-0.7120368251668607
0,0.3920414013077066,0.3503175952683112,-0.6391420562608607,0.8726524411274246,-0.7494077114545182
0,0.0114517094797433,0.1849610415315707,-0.6033458679383003,0.8977658474352717,-0.7150506472977105
1,0.0063124879162252,0.3522587776786706,-0.5307054275077099,0.9561538896260876,-0.7342051795577506
0,0.7614742334517433,0.1233458296791152,-0.9469064159935464,0.5722744697773329,-0.6876901202656257
0,0.5943530321294077,0.5993578072326972,-0.633237063125654,0.951280961201645,-0.7081956910817024
1,0.9327017229761684,0.5760033548922084,-0.9634730839132735,0.6801105452768732,-0.4466934095185099
1,0.3741285739290906,0.9249748178981656,-0.35673488860148284,1.4290596531327997,-0.8441810444269292
1,0.3198427163538879,0.4965002445203931,-0.5538629073327491,0.9752877792656481,-0.7613579910169518
1,0.5781182960880679,0.912794589412224,-0.46295636906725973,1.3623090413271661,-0.7714338128783466
1,0.628215572816314,0.2628690809159053,-0.7907042727077656,0.7198806895078046,-0.7128980486311188
0,0.3503856267749226,0.6316614645075396,-0.506029003004377,1.070172284182416,-0.7712792776396313
1,0.4626565385706593,0.110154298059398,-0.7647471873260977,0.7628221050494688,-0.7381376303909297
1,0.6269403249602099,0.9870210020914408,-0.4422035077207923,1.4863996766089693,-0.7792165287463286
0,0.4882739364397856,0.5991844224739828,-0.5763367575218132,0.9975872645759657,-0.7429666070487965
0,0.9521590430561544,0.8649184938856519,-0.8615085053732896,1.0445967821022555,-0.3777853798059485
1,0.3787861953468003,0.1767701757710089,-0.7050470401857309,0.8149289534735313,-0.7431950131328369
0,0.7104884596365165,0.0309486887335866,-0.9411833225120522,0.589941060511569,-0.7115492197987399
0,0.1727785436551759,0.8317862743147203,-0.35066711344643353,1.3153949243941032,-0.8278939199607047
0,0.9475605782255516,0.3022364945026257,-1.0860337865701888,0.4647232540669291,-0.5265239969858483
1,0.635750428305475,0.7954163228142574,-0.5685775506445421,1.1552034248061873,-0.7056456024054432
1,0.3660006212490225,0.7550940123909972,-0.45307983628082515,1.1928830396914474,-0.7898744245174999
0,0.1961707487198098,0.8917870573903693,-0.3205880565395801,1.3949994342474377,-0.84923691582824
0,0.5377376001102779,0.5237493131416625,-0.6328367146291078,0.9158658319698886,-0.7269808573128915
0,0.8654968815415033,0.7575734307114584,-0.7997175599934105,0.9549704874908375,-0.5010891581482317
0,0.1191526639137008,0.6885603502939879,-0.4111584840953997,1.1637614909909895,-0.7906001881137092
1,0.6167947245634346,0.1639760922254977,-0.8229421503965011,0.6920064618642526,-0.7217051372309312
1,0.0244564329209697,0.4243815923045827,-0.5043324215796569,0.988194333186477,-0.7449253116426022
0,0.7519955437141441,0.2125636885520864,-0.9036418643136674,0.610900462345464,-0.6774804542768808
0,0.0117145212351323,0.0052615512103239,-0.679932760770809,0.861153086290666,-0.6886236518832697
0,0.2743489731319133,0.9803768419961784,-0.2815954100015387,1.532293867871392,-0.8863994502816013
1,0.7298266637908957,0.6621467277107012,-0.70451184866815,0.9370502742413495,-0.6328476998460304
0,0.8564782310453462,0.0901004568704121,-1.0534531722099998,0.474161135675589,-0.6559190410617939
0,0.3180289761635299,0.2711218718735189,-0.6461399799171929,0.8652292430767136,-0.7486220788251703
0,0.9360265563744372,0.6789109295498551,-0.9266308651005968,0.7878332784962485,-0.41718880488073806
1,0.875660189071435,0.5903493894896998,-0.884075889843548,0.7493429541339534,-0.5098895525575832
1,0.7033378998401635,0.5361657429421557,-0.7355713716796177,0.834326829094844,-0.6568807118897995
0,0.4338348636260201,0.3937249809528049,-0.6377434300969438,0.878189033240367,-0.7464279085822787
0,0.7280363274818108,0.7009319428254003,-0.685648751746227,0.9824551024323,-0.634284868449662
0,0.8272328757754902,0.8268388694705296,-0.7208325214602376,1.0884658701086498,-0.5497163507531696
1,0.2717935106399488,0.469504849580914,-0.550122258399226,0.9709375097033522,-0.7613690566581467
0,0.2788165411567076,0.2714176200149758,-0.6340424649841876,0.8767120022630842,-0.7482407673670809
0,0.4979720742915539,0.3853370803150687,-0.6693696743263413,0.8468285439301251,-0.7367866899340264
0,0.7153013694587101,0.6875927934485063,-0.6809579015549314,0.9748050563471566,-0.6432799437348397
1,0.8825967744217494,0.6408274125772918,-0.8720203728214792,0.7953566098042216,-0.4925336575366237
1,0.4712639420098278,0.0096050802633828,-0.8090870369045065,0.7390602787834154,-0.7322368851536939
0,0.3759575333207089,0.4207156313679299,-0.604490487800683,0.9133892363075451,-0.7531039421266119
0,0.1928329001944239,0.2262458613815012,-0.6290757281936412,0.8827360487622073,-0.7406265196882373
1,0.6912604899103295,0.6495575273161421,-0.6784986804863886,0.9475705731411492,-0.658989603632775
0,0.2094611135102114,0.8592944921386841,-0.3447464085167584,1.3484716235013134,-0.8360799877250508
1,0.7462454308770597,0.4288814506986856,-0.8140717604523031,0.7255880699625692,-0.6449442598306812
0,0.1553344764918183,0.0587815501613598,-0.6894446455671736,0.8510639695404169,-0.7183352222975246
1,0.7779777139323455,0.5245369155319992,-0.8052375485978469,0.7718639985946864,-0.6094677195128343
0,0.6343316694243858,0.4731426055540927,-0.7108306391368522,0.8294298999914758,-0.6950693799144578
0,0.583959504939524,0.6010241246960129,-0.6262696405081386,0.957874837016014,-0.7123931482539978
0,0.0621000025702491,0.9020942644598596,-0.27758719205869004,1.414679328034243,-0.8546963369563967
1,0.8842093778202519,0.4273975845363601,-0.957427257880602,0.6066831930456783,-0.5429448303651763
0,0.6686453957128673,0.2438625416147402,-0.8256563002312299,0.6855830066314776,-0.703016774038643
0,0.4079290733670173,0.3705336784939079,-0.6369114911545727,0.8763707456254082,-0.748671107991247
1,0.3721200916204964,0.699152379351565,-0.48279612053279897,1.1296746592784592,-0.7780585486180204
0,0.072372311015638,0.3159977418859016,-0.5618468976241929,0.933908565239571,-0.7383214372437116
0,0.6708700765131718,0.8673087849134551,-0.5540415649291454,1.2481873177085339,-0.7002627842727853
1,0.5383297166161175,0.0913852343258515,-0.8077329812338537,0.7196124931058169,-0.7333013692331535
1,0.7834631849502214,0.4376748879304947,-0.8446598116097577,0.7026659448987862,-0.6201915688576289
1,0.4895744606256454,0.9625072503697886,-0.3802112969930348,1.4753157977017708,-0.8319260298396759
1,0.5042374473659929,0.8852138337157129,-0.439670549646552,1.338183729621119,-0.7924481551873226
0,0.67368616756221,0.8519223271120736,-0.5651166632018888,1.2219061386266599,-0.6940739413585363
1,0.0216340377336446,0.5063191892658931,-0.46847788966707515,1.034747769738123,-0.7550240431458475
0,0.3649456719088021,0.6563588157791839,-0.5000721918517306,1.089047651825783,-0.7726136941797441
0,0.3035345677341637,0.7987698771404268,-0.40843243559690207,1.2577922201629312,-0.8092493810068699
0,0.9416851527367486,0.9300229308756548,-0.8076831305799608,1.1771429501611501,-0.40530648194793434
0,0.8836277903057157,0.1221059464994821,-1.0719822591292003,0.45652173081870207,-0.634021152733554
0,0.2174800254981457,0.7094822654074313,-0.4278850044186139,1.1710250590878786,-0.7941534765976485
0,0.5304148181940018,0.5438976483940962,-0.6206341665487428,0.9345414495353016,-0.7293309037035599
1,0.6964002900107682,0.6591685931112913,-0.6783156852507713,0.95470477816377,-0.6557398818549728
1,0.1514835473365924,0.4877690300029479,-0.5090699240731853,1.0062454661410525,-0.7618678662092826
0,0.1988531273340973,0.986995785761102,-0.2533936217015206,1.545395041563186,-0.8953485461219177
1,0.4503230416352529,0.2758603996493591,-0.6923807358394537,0.8185780421009043,-0.7430357270714203
1,0.5752079727027715,0.7005804727102627,-0.5767973866381939,1.062800770983719,-0.7221770332051456
1,0.3960682850075129,0.8639826580880163,-0.4043823978249002,1.3301462745753025,-0.8151647368061636
0,0.1729192912677138,0.0731954475136849,-0.6876918178680818,0.8502411602704012,-0.7222471098443181
0,0.6793748920363074,0.2904463680955249,-0.8149615650980313,0.6978949758360586,-0.6945826957004079
1,0.4243379659923084,0.797737085806397,-0.45357772455494233,1.231848067722951,-0.7886954124371026
0,0.9529502277395556,0.8117218743915037,-0.8905589332222229,0.9548082492638076,-0.3754367172214903
1,0.4171917290009063,0.320484941897777,-0.6608566036313106,0.8501038529750875,-0.746684656827101
1,0.3391737944981047,0.6680044152590068,-0.48562024097744133,1.106598052646239,-0.7775943215106086
0,0.9325013276414884,0.8714707960974732,-0.8291850122141888,1.0752284640492216,-0.4108697683623831
0,0.9883059569628636,0.1022730959911083,-1.2170392752712076,0.3304416529408491,-0.572461625048376
0,0.7833306187832352,0.2716874875275666,-0.9089308923199703,0.6097968837155296,-0.6525567248606868
1,0.798843721616414,0.5741749219966684,-0.8057087696654945,0.7990018160291249,-0.5859212494358346
0,0.0937814143839169,0.2613758183564264,-0.5899925271355283,0.9112560853339049,-0.7350017540739477
0,0.8060785045774688,0.2534952043326357,-0.937950679932613,0.5819760181205752,-0.6442734824139829
0,0.6824906407467528,0.9289515926861276,-0.5244297189707717,1.3508546013008769,-0.7130651007461957
0,0.7834346837340436,0.0294339925565491,-1.003496179561695,0.5275764235641341,-0.6941623740990653
0,0.8110850943435307,0.162610947455984,-0.9780735498623071,0.5414681954477645,-0.660985725759489
1,0.2862017920181547,0.5496576390321288,-0.5206734773303119,1.0201549608778082,-0.7677377397096549
0,0.1074717510424496,0.8351144433510485,-0.3310938854587292,1.3242924966025345,-0.8295856177400216
0,0.6849107115436797,0.0199758719178008,-0.9263173341723282,0.6075324367776581,-0.716837679730765
1,0.5919295814815639,0.0519786509986486,-0.8528455032381455,0.6790103636736017,-0.7282145566998456
1,0.6035328698178848,0.1379352980396243,-0.8252479140091885,0.6927687908802355,-0.7251257057279082
1,0.5298667548454173,0.2106185656498772,-0.7553849206142293,0.7574664977247034,-0.7341783153878327
0,0.9915106698765004,0.7784609628350978,-0.9663437916263484,0.862795160407382,-0.3123710697544908
1,0.5351250575404706,0.2152765779709461,-0.7561819897179661,0.7562441139509903,-0.7334104231154518
1,0.3274899875389597,0.5328917809617022,-0.541064654714162,0.9977484736113935,-0.76360643728919
1,0.15698650031239,0.3647189807080983,-0.5622103911928494,0.9411200288627837,-0.7503635380477602
1,0.6714727471659523,0.448523488002318,-0.7465707089055108,0.7901490080301155,-0.6810573532339881
1,0.7860655357764855,0.4549747127603394,-0.8404079668724082,0.7125277173558695,-0.6152493766156648
1,0.5593658785419711,0.9660700071945728,-0.41500631648089714,1.4654617710156552,-0.8051481828732215
1,0.2425114048947755,0.3926303159201392,-0.5735350989519005,0.9364839863700666,-0.7558419468737816
0,0.4264122955234607,0.6381220042393185,-0.532008701484379,1.054244045633826,-0.7601725333242255
1,0.4342565290672726,0.0687669038514949,-0.7697975720927366,0.7669662774351627,-0.7364387365435178
1,0.5738789064949619,0.8827040732423586,-0.479459863099909,1.3128541916237462,-0.7621764082723994
0,0.9622502484941676,0.8656413025757143,-0.8763426089809649,1.0357450478020973,-0.3604752793806366
1,0.0160071116697542,0.3470477633684063,-0.5352410617764124,0.9529808279292366,-0.7348969838286546
1,0.7708174731945131,0.5736448001592013,-0.7786693332789103,0.819873180583688,-0.6083224374853505
1,0.6071386329438693,0.809627965431615,-0.5420125066237376,1.1880204764533169,-0.7244712400985243
1,0.5878854941652824,0.711349832402482,-0.5793124730414474,1.0695176426668276,-0.717814117293028
0,0.7832126939831003,0.7858827452561324,-0.6959216167273553,1.0577796397581702,-0.5917563506042809
0,0.9351769389523787,0.2476403771791827,-1.0893414433881792,0.4512397983644509,-0.5581150917218097
1,0.933094227183884,0.5556124058570844,-0.9718995106222256,0.6604475331421015,-0.4521371369578552
1,0.5394512144341144,0.1143952277985457,-0.7990382916725132,0.7244943645328744,-0.733447559320647
1,0.5020777434678917,0.2258302379451435,-0.735672146505148,0.7767205279055948,-0.7374594726122864
0,0.8796611581022997,0.7061367710250102,-0.8404965009651484,0.8746569106546693,-0.48699454204313936
0,0.9478757464130194,0.7887100867137667,-0.8943753052523894,0.9242960343641342,-0.38469443865765357
0,0.0939003863591183,0.3193785695758868,-0.5655921214435152,0.9323024812356954,-0.7409382149864062
1,0.9787415052762996,0.4716999105375201,-1.0692026776732326,0.5394685931100368,-0.423983032831936
0,0.850846373152529,0.2129833747452715,-1.0002195085214012,0.5232963461543252,-0.6285128235400943
0,0.3684761806124612,0.4472838753813009,-0.5908831179536556,0.9307762443351733,-0.7548890711946564
0,0.1435768306761504,0.941634544366824,-0.2719879686727513,1.4716412088281712,-0.8730759030750628
1,0.9306416973236182,0.5038034959879036,-0.9882679259724737,0.6177161635517215,-0.47119549677582273
0,0.5849972211564833,0.4468355361837637,-0.6905481682897864,0.8395112087456565,-0.7140996619958206
0,0.0220336528892998,0.0943674729752462,-0.6443655019878233,0.8755586921669546,-0.704531233551274
0,0.2808809730653189,0.8067583319041667,-0.39673638137060807,1.2713391816280681,-0.8138468151420832
0,0.1896252620660889,0.0571258776562272,-0.6984437452100141,0.8440086306798135,-0.7219207842775377
1,0.4508420902142878,0.7359014859185038,-0.49669308715938476,1.1484623206842839,-0.768686627030713
1,0.8853337620018145,0.5060944193337088,-0.9288412846030523,0.6647092114973916,-0.5197810570363711
1,0.6478548909338936,0.136922300759833,-0.8538305154802204,0.6633364592595916,-0.7170613103996429
0,0.8961534598069942,0.0632076049235791,-1.1091375265217507,0.4248026950845633,-0.6435241549258112
0,0.910261315610328,0.7363350407427589,-0.8662872396528039,0.8860312440465137,-0.4444387138097869
0,0.7787424649695455,0.254033935527115,-0.9114957554357103,0.605795347813296,-0.6582663110113158
1,0.6939088637609283,0.6389267195793946,-0.6851860698050866,0.9349243080842082,-0.6573989957529596
1,0.3156714017040094,0.3689282655706691,-0.6052804858738697,0.9060383921798828,-0.7538866959721338
0,0.9492929010284864,0.912241130372626,-0.8299291083376897,1.1348715214537697,-0.38856271289986594
1,0.3459236842575097,0.1385919431686469,-0.7094004718040577,0.8169705325198663,-0.7405543616818869
0,0.5431462742314421,0.5094312081113361,-0.6416130975274751,0.9028431280016458,-0.7253870992495203
0,0.6691040700483362,0.2470426717626928,-0.824721985972459,0.6865340089656038,-0.7025608315906565
0,0.0049624191706475,0.6794431618178768,-0.38628101991749875,1.1662785352468428,-0.7832736895530593
0,0.8439866591095633,0.8033715495427376,-0.7519440088674335,1.0391702708083528,-0.5279997068763724
0,0.1890408961604578,0.7656296578116034,-0.39155296547114565,1.2346248885052133,-0.8080297249975125
1,0.6226515971634063,0.8514702065153386,-0.5289050196934748,1.2442157170108332,-0.7264140162664532
0,0.1878529240995593,0.8102549569262081,-0.367121695344275,1.2871046173620948,-0.8206091538372084
0,0.0666193981713129,0.1751407985776936,-0.6200766335245449,0.8893405958980772,-0.72199721993481
0,0.002672193968257,0.2489943080785615,-0.5739463267526357,0.9176291442193374,-0.7215615675557776
1,0.1916174134235757,0.6593385450566891,-0.4443827536143679,1.1272612125128028,-0.7853738788733415
1,0.5009476392247955,0.8935235499217506,-0.43280038557354505,1.352504048106512,-0.7967781947624136
0,0.5946532252842245,0.6092757037349421,-0.6291749417766271,0.960237053661611,-0.7082780891795347
1,0.3173920630347959,0.5115301852773552,-0.5467569480095947,0.9858059729880513,-0.7626279074968897
1,0.6774589385992839,0.5530163765433664,-0.7087669508575084,0.8647413894135568,-0.670042517073521
1,0.7290227313781308,0.4819042959560878,-0.7783681810030093,0.7747702118477066,-0.6476110109241621
0,0.2271402183082771,0.2891149572046797,-0.6120965102699333,0.896139369628552,-0.7478420608758283
1,0.251454701283902,0.3638727492731345,-0.5879834084661751,0.9208646417261774,-0.7539237112076815
0,0.4315092980284895,0.5560242960521021,-0.569744068543394,0.9828925051172647,-0.7524229063073455
0,0.5235419406543423,0.3725879404227326,-0.6870028070298027,0.8282495162688333,-0.7321028184038925
0,0.3624344785375895,0.5057100037186254,-0.564498003890792,0.9691053860803401,-0.7586167143658856
0,0.7341798003436413,0.686589278186994,-0.6974330863844276,0.9617248747981195,-0.6294742529907141
0,0.0102825458838274,0.817023956420172,-0.31637217062800294,1.3073281314860457,-0.8207146705243308
0,0.2899142874910266,0.0179100218621667,-0.7413464320266484,0.8121251550825285,-0.7258554330360383
0,0.9121656965383892,0.971786771658748,-0.7379649184735283,1.2905208818604803,-0.46684804755266623
0,0.8702470157986821,0.917734506554004,-0.7188598115756615,1.214790553631113,-0.5126748877993522
0,0.8900232928706945,0.2017928409846908,-1.049382090936973,0.4794867673204187,-0.6071082300156205
1,0.3379386495214455,0.703615624111713,-0.4684608798470692,1.1424575992875354,-0.7836049098729423
1,0.9330161424282464,0.4162168544279627,-1.0241869693003522,0.5494074894993882,-0.49844686263957305
0,0.7105645343050727,0.2273122943916745,-0.8635783843636821,0.648958274980855,-0.6910875313037591
0,0.0393436602074354,0.7216396467317381,-0.3744372432202597,1.2031027673084203,-0.7950682585114335
1,0.3045761865899681,0.5835336229212649,-0.5118605828603526,1.041319878179627,-0.7700868902944246
1,0.2160916099230153,0.4219313451941127,-0.5539822928018829,0.9571162864343826,-0.7576701645838497
0,0.9160196199180928,0.7311717508501091,-0.876346506258725,0.8736649593795476,-0.437043665831202
1,0.1895762992285689,0.5848985491096175,-0.47736324077187214,1.065894300849168,-0.774112792413921
1,0.5156485492961217,0.8165405212675445,-0.48561193836747574,1.231560575264692,-0.7666612864384892
1,0.4239867721165344,0.8913030926165546,-0.39885420116759635,1.366442535236085,-0.8190073523626465
1,0.4299808756571094,0.098669471602945,-0.755977236265281,0.7750390699039885,-0.738322382010533
0,0.1429431420774395,0.773682371748956,-0.3746894629903394,1.2486316944687335,-0.8108767484479236
1,0.332648377193716,0.3876978844669155,-0.603083707648963,0.9100016196623857,-0.7542847817979043
0,0.1791049539884679,0.1612747696357986,-0.6526163659075774,0.867741624732901,-0.7331666247774022
1,0.476609272405413,0.2604461252556203,-0.709994429808126,0.8011262455467456,-0.7403017409459259
0,0.8753422999451108,0.2328837659546907,-1.0203041763872762,0.5076189606007535,-0.6076882992462384
1,0.5992174627259267,0.0091020955085376,-0.8743030368585619,0.665915616180853,-0.7273338194946901
0,0.2959666469042662,0.6669725323350583,-0.4717541526741943,1.1153316517903196,-0.7817718301796454
0,0.3851824078844247,0.6425925789787768,-0.5137798915434151,1.0706893183633048,-0.7678711058341955
0,0.6663402625547179,0.3415717715058651,-0.7853165760747098,0.7311933506593576,-0.6938233175254145
0,0.8119390962060938,0.8258300434462243,-0.7047575950092613,1.0980326972301666,-0.5666668928149312
0,0.5116249627630288,0.4094856944104842,-0.6661869072932988,0.8536538689604366,-0.7339389785451345
1,0.449574471033917,0.1538030830140668,-0.7415486485955175,0.7796670512805454,-0.7403363369974828
1,0.4332438777626243,0.0750962374366813,-0.7668298013164836,0.7686719626391991,-0.7368556137162199
0,0.013464806165602,0.9753734444094312,-0.21259743026100514,1.5226966017818608,-0.8889061399859872
1,0.7661812771280567,0.6622908624346749,-0.7370520139171014,0.9126500389611447,-0.6047572209986625
1,0.6826194799301399,0.5794886504305915,-0.7016926128553672,0.8846327311375607,-0.6658520244924364
1,0.8695125781773779,0.6634964897970587,-0.8465698108431451,0.8324646179548654,-0.5040627907409191
0,0.4271086531811953,0.3622311741839989,-0.6478249562162056,0.8650969597803482,-0.746608277420033
0,0.7382509364817533,0.0412502197641964,-0.9593625558527379,0.569655091073801,-0.7045998479054624
1,0.1131334699635594,0.6646998728423276,-0.4208876850078315,1.1426902576230769,-0.7857672167045044
0,0.5856161654087872,0.5888828497584148,-0.6324280170174327,0.9461974371933711,-0.7115061638810644
1,0.5462668590443396,0.2108692321244224,-0.763733609017377,0.7487707334262638,-0.7319111614312925
0,0.9563482491690538,0.7763065161064605,-0.9128039449684766,0.8971595489560883,-0.37211741906010304
1,0.45790034935156,0.8851395881984878,-0.41755068403127626,1.3495541762120702,-0.807511628177377
1,0.3878995082846673,0.91477495393389,-0.36893566638378417,1.4103380813876356,-0.836903822347296
1,0.4092765751971884,0.7810193247744793,-0.4563042491971806,1.214157862930725,-0.787852865061859
0,0.1715780887645501,0.7787790668663301,-0.3797662388001797,1.2514932091631261,-0.8119363112107238
0,0.6979894351552623,0.6986179094974873,-0.6618948715828668,0.9980458342646128,-0.6555496261481925
0,0.2103282562058603,0.7613313752457683,-0.39981477094852513,1.2271522987935808,-0.8062160724631166
0,0.424178434891504,0.4636599133478074,-0.6052408045998076,0.9215328317196599,-0.7494049365098413
1,0.0401375778755612,0.3415240955484193,-0.5433454227847496,0.9480919835403671,-0.7373259272262497
0,0.0620990973191422,0.8617083485342458,-0.30331794332592643,1.3603315672999057,-0.8384151893682147
0,0.3217372840515229,0.1692399304671646,-0.6890699492319312,0.8327100027646369,-0.7422371549334731
1,0.1179427776415674,0.4621855062338945,-0.5113339209512141,0.9965966121786634,-0.7574114762141261
1,0.3396745497065292,0.3019303194971834,-0.6405346892363617,0.869965917626695,-0.7499713720272188
0,0.968971839631782,0.1768035624697406,-1.1619455593553096,0.38169556464789295,-0.5573810811804233
0,0.771123271038794,0.9553571481163632,-0.5844265391518462,1.3565279514248239,-0.6451504773452235
1,0.8009199785219789,0.4658054526403457,-0.8507667149528038,0.7082555959396093,-0.6025933600137755
0,0.0865979344936901,0.1628491376497579,-0.6298591805767411,0.8836464467718753,-0.7231705680842294
0,0.2275733392705317,0.9300603483854992,-0.30409678116364874,1.4507857806998063,-0.864340889745418
1,0.2116715377445289,0.5034386956018304,-0.518546251832645,1.0050161224128589,-0.7648644928050865
0,0.0681737159916774,0.8051845741775082,-0.33791016334472695,1.290525193308132,-0.819142636712905
0,0.6543101797315236,0.5186813625594591,-0.7060565149529135,0.8509577048126796,-0.683609566630419
1,0.4326088808360093,0.2885042199648795,-0.6799627679890111,0.8308865792568179,-0.744772097598704
0,0.8547980718479025,0.2857213604529715,-0.9768579576237733,0.5522181057652199,-0.6067457560808258
0,0.2331083273988216,0.0583670562455872,-0.7090542914601965,0.8342121256839826,-0.7262779945728784
1,0.702065223602409,0.6569524292142785,-0.683790767990618,0.948891281314987,-0.6520566791064292
0,0.1290256751866992,0.8563673831248663,-0.32418105080678716,1.3502734621881958,-0.8371093838743952
1,0.0472652709123234,0.4497490930973603,-0.4990804729986212,0.999065249641066,-0.7503527142683227
0,0.6250872336974671,0.5794324052135432,-0.6611181703118616,0.917614913526486,-0.694914991055631
0,0.0047426190217489,0.0392017258701073,-0.6640664211392676,0.866899492151468,-0.6930540177525909
1,0.7011221795541683,0.5359476760971369,-0.7339059862648543,0.8355927199644351,-0.65816737617177
0,0.8432062953434661,0.7498603864843675,-0.7772549674082903,0.962678759392161,-0.5274219555744756
1,0.2420020492285347,0.6443166143799551,-0.4656401493507537,1.1053297214917188,-0.7815556321292708
0,0.3718841806708908,0.6195177556654916,-0.519133901216256,1.0536843092057366,-0.7671086093377136
1,0.3185575856353664,0.5733279296695242,-0.5208256172094601,1.0299161889384658,-0.7679636304733499
1,0.7207097772323434,0.4171460967913033,-0.7970769820155514,0.7367101615122688,-0.6606950537549696
0,0.9845866485574238,0.992489685636148,-0.83216023867767,1.2682280915820179,-0.3435836182542984
0,0.93125225214606,0.8832832360479833,-0.8207028422397604,1.0976747802426368,-0.4143009034614651
1,0.352500063313681,0.0853249675362406,-0.7333198804078425,0.8030201141096819,-0.7364778320681565
0,0.0206514458491746,0.087387006387661,-0.6470316630028062,0.8742967579416248,-0.7032811799829772
0,0.9664204126519328,0.0329618782317424,-1.2110960426483472,0.33556719086942344,-0.6140339435677833
1,0.515099457382957,0.326650312699449,-0.7013069825374083,0.8101793443288097,-0.7345390138781359
1,0.6253309136246714,0.8161447560109868,-0.550445072500311,1.1896043349947711,-0.7159528606287859
0,0.698254056272876,0.8939896747049004,-0.5594297948566265,1.2801856198721555,-0.6882165782492493
1,0.1398836255313913,0.3775942722449406,-0.5524862860955545,0.949906118528823,-0.7504266587684418
0,0.1243411778913913,0.1567960960637155,-0.641201901799497,0.876571777427902,-0.7270565189980145
1,0.5924706884959685,0.0784552342860117,-0.8425413491794658,0.6845175516990161,-0.7280088064431873
0,0.7234972060577207,0.2636733123625226,-0.8596220372834984,0.6541399496978083,-0.6812854894302952
0,0.9637941812385384,0.0012848035371095,-1.2191389366913856,0.3301372735686997,-0.6265779138655065
1,0.5845270111390797,0.041522058737203,-0.852770124561102,0.6815072694578403,-0.7288780418761592
1,0.3605638490969293,0.9991932318414144,-0.29661697845219215,1.561732601746476,-0.8857399508577987
1,0.9177249651611182,0.5527739271599943,-0.9522099660925712,0.6734739067258807,-0.4715133913572691
1,0.5946104334620936,0.7805872179080721,-0.5493853862638082,1.1530264618432753,-0.7249012510982806
1,0.0110392906801615,0.6206352244459118,-0.4152385273269916,1.1162144870843294,-0.7720360564622882
0,0.4753727704856038,0.3718590591616701,-0.664400778289878,0.8499560222537679,-0.7405639569272104
0,0.2225066435670064,0.998110568015792,-0.25147047857902494,1.5647946238555381,-0.9005887957987765
1,0.4846660462310633,0.1779466681865382,-0.7469733758582584,0.7700658128347235,-0.7388105784305038
0,0.2571430875105335,0.0705044418218826,-0.710557002957411,0.8301149486856767,-0.7297105405193288
1,0.0065554529527127,0.3742284609116192,-0.5213927064500238,0.965823094060718,-0.7368088848267158
0,0.6716632160127134,0.7264339073725785,-0.6286550652009257,1.0463315077233024,-0.6744289236056469
0,0.0059950223674354,0.2580938852628004,-0.570826904639191,0.9203380815737465,-0.7231580644524965
0,0.0318449450856905,0.1136006820021001,-0.6383521431575668,0.8786314233928326,-0.7088640321725597
0,0.501219950708377,0.6013658521951666,-0.5815954457451578,0.9944458197119997,-0.7396954529801093
